name,value
scale,30.4996243197807
mean_k,0.05543335148322503
k_eff,0.05704672540550505
sigma_k,0.013471170061591849
r_sigma_k,0.24306270451080333
k_H_over_k,0.055864104735138725
b,-1.7370541736739882
k_H,0.0030967217799673227
p_H,0.9588111954467543
sigma_H_squared,0.03949228693272022
alpha_H,6.294350189547953e-05
kappa_H,0.0015938175979201008
rho0,0.00034524627024644117
affine_highq_factor,1.042054308000373
line_density_geometric,0.00034494705800020085
stretch_ratio,1.286257157618871
highq_coefficient,0.0330519287520498
data_chi_square,469.6712514727651
data_reduced_chi_square,3.2844143459633925
data_degrees_of_freedom,143.0
n_fitted_parameters,6.0
gaussian_location,0.05543221676348619
gaussian_nominal_sigma,0.013473504523562043
rms_relative,0.08862205685595673
