mode,concentration_mM,variable,mu_bin,mu_low,mu_high,mu_center,orientation_probability,isotropic_tail_threshold,conditional_tail_probability,conditional_tail_quantile
anisotropic,0.0,kappa,0,0.0,0.16666666666666666,0.08333333333333333,0.11018892701756054,2.600403561534248,0.02095614738507318,3.4103317164651505
anisotropic,0.0,kappa_prime,0,0.0,0.16666666666666666,0.08333333333333333,0.11018892701756054,9.928372216864805,0.016532658315053114,14.138421107148652
anisotropic,0.0,kappa_tau,0,0.0,0.16666666666666666,0.08333333333333333,0.11018892701756054,3.013323350345859,0.023785047385015395,4.378764292661791
anisotropic,0.0,kappa,1,0.16666666666666666,0.3333333333333333,0.25,0.11400530550429024,2.600403561534248,0.01944412995498445,3.290514564232375
anisotropic,0.0,kappa_prime,1,0.16666666666666666,0.3333333333333333,0.25,0.11400530550429024,9.928372216864805,0.01640045087922064,13.779443786375817
anisotropic,0.0,kappa_tau,1,0.16666666666666666,0.3333333333333333,0.25,0.11400530550429024,3.013323350345859,0.020592398279474757,4.096470770413243
anisotropic,0.0,kappa,2,0.3333333333333333,0.5,0.41666666666666663,0.12789922261037343,2.600403561534248,0.016388718702447225,3.0671317249674304
anisotropic,0.0,kappa_prime,2,0.3333333333333333,0.5,0.41666666666666663,0.12789922261037343,9.928372216864805,0.01556284031996749,13.498464993223582
anisotropic,0.0,kappa_tau,2,0.3333333333333333,0.5,0.41666666666666663,0.12789922261037343,3.013323350345859,0.016798210262197605,3.7618333129012176
anisotropic,0.0,kappa,3,0.5,0.6666666666666666,0.5833333333333333,0.15305930110640015,2.600403561534248,0.011762583657727997,2.754903813899119
anisotropic,0.0,kappa_prime,3,0.5,0.6666666666666666,0.5833333333333333,0.15305930110640015,9.928372216864805,0.012407749090469251,11.529833563298647
anisotropic,0.0,kappa_tau,3,0.5,0.6666666666666666,0.5833333333333333,0.15305930110640015,3.013323350345859,0.01123303695327227,3.1657608683658656
anisotropic,0.0,kappa,4,0.6666666666666666,0.8333333333333333,0.75,0.19925898020923116,2.600403561534248,0.0071607346198554215,2.3098037626642154
anisotropic,0.0,kappa_prime,4,0.6666666666666666,0.8333333333333333,0.75,0.19925898020923116,9.928372216864805,0.00894127729563299,9.203523381339135
anisotropic,0.0,kappa_tau,4,0.6666666666666666,0.8333333333333333,0.75,0.19925898020923116,3.013323350345859,0.0066890658568771215,2.5440171753845733
anisotropic,0.0,kappa,5,0.8333333333333333,1.0,0.9166666666666666,0.29558826355214474,2.600403561534248,0.003603160883599193,1.8275594355728069
anisotropic,0.0,kappa_prime,5,0.8333333333333333,1.0,0.9166666666666666,0.29558826355214474,9.928372216864805,0.005143501341058503,6.35358996561769
anisotropic,0.0,kappa_tau,5,0.8333333333333333,1.0,0.9166666666666666,0.29558826355214474,3.013323350345859,0.0029315410946296255,1.8252849045771338
anisotropic,1.0,kappa,0,0.0,0.16666666666666666,0.08333333333333333,0.11266974159469978,2.6177685818005205,0.020173923589877216,3.3865217777695085
anisotropic,1.0,kappa_prime,0,0.0,0.16666666666666666,0.08333333333333333,0.11266974159469978,10.042124692474392,0.016042574118799568,14.080920451947915
anisotropic,1.0,kappa_tau,0,0.0,0.16666666666666666,0.08333333333333333,0.11266974159469978,3.047667247079946,0.022747278411905547,4.34790665742218
anisotropic,1.0,kappa,1,0.16666666666666666,0.3333333333333333,0.25,0.11637066439392871,2.6177685818005205,0.018798685528096902,3.2628648790142845
anisotropic,1.0,kappa_prime,1,0.16666666666666666,0.3333333333333333,0.25,0.11637066439392871,10.042124692474392,0.01569251882112104,13.592054959589124
anisotropic,1.0,kappa_tau,1,0.16666666666666666,0.3333333333333333,0.25,0.11637066439392871,3.047667247079946,0.019752615825021403,4.092989204516885
anisotropic,1.0,kappa,2,0.3333333333333333,0.5,0.41666666666666663,0.12991226564916317,2.6177685818005205,0.01599876940597946,3.066212887870713
anisotropic,1.0,kappa_prime,2,0.3333333333333333,0.5,0.41666666666666663,0.12991226564916317,10.042124692474392,0.015219451718020137,13.487902062145047
anisotropic,1.0,kappa_tau,2,0.3333333333333333,0.5,0.41666666666666663,0.12991226564916317,3.047667247079946,0.01628626585971241,3.749756761683914
anisotropic,1.0,kappa,3,0.5,0.6666666666666666,0.5833333333333333,0.15452581278329286,2.6177685818005205,0.011577014501755812,2.7608634653331388
anisotropic,1.0,kappa_prime,3,0.5,0.6666666666666666,0.5833333333333333,0.15452581278329286,10.042124692474392,0.012142797628289839,11.496314141416894
anisotropic,1.0,kappa_tau,3,0.5,0.6666666666666666,0.5833333333333333,0.15452581278329286,3.047667247079946,0.010968813405369579,3.1839149351726546
anisotropic,1.0,kappa,4,0.6666666666666666,0.8333333333333333,0.75,0.19836908594950392,2.6177685818005205,0.007209674444316483,2.3306089892214352
anisotropic,1.0,kappa_prime,4,0.6666666666666666,0.8333333333333333,0.75,0.19836908594950392,10.042124692474392,0.008914666589342419,9.24435807481886
anisotropic,1.0,kappa_tau,4,0.6666666666666666,0.8333333333333333,0.75,0.19836908594950392,3.047667247079946,0.006793523025434714,2.586650256287493
anisotropic,1.0,kappa,5,0.8333333333333333,1.0,0.9166666666666666,0.2881524296294116,2.6177685818005205,0.003808717096128334,1.870631745087986
anisotropic,1.0,kappa_prime,5,0.8333333333333333,1.0,0.9166666666666666,0.2881524296294116,10.042124692474392,0.005261751430515518,6.555819159836417
anisotropic,1.0,kappa_tau,5,0.8333333333333333,1.0,0.9166666666666666,0.2881524296294116,3.047667247079946,0.0030708560824288505,1.8849882394726099
anisotropic,10.0,kappa,0,0.0,0.16666666666666666,0.08333333333333333,0.09202526246063804,2.559099075316075,0.029598978363638628,3.8108714217444675
anisotropic,10.0,kappa_prime,0,0.0,0.16666666666666666,0.08333333333333333,0.09202526246063804,9.481702686705887,0.020990163611662577,15.8849548987877
anisotropic,10.0,kappa_tau,0,0.0,0.16666666666666666,0.08333333333333333,0.09202526246063804,2.8830572105380954,0.03201027797742452,4.8599222521194525
anisotropic,10.0,kappa,1,0.16666666666666666,0.3333333333333333,0.25,0.09659403139418493,2.559099075316075,0.027277771991447968,3.646865314941524
anisotropic,10.0,kappa_prime,1,0.16666666666666666,0.3333333333333333,0.25,0.09659403139418493,9.481702686705887,0.021199337550810635,15.89129534338519
anisotropic,10.0,kappa_tau,1,0.16666666666666666,0.3333333333333333,0.25,0.09659403139418493,2.8830572105380954,0.027897592508966517,4.485087150166281
anisotropic,10.0,kappa,2,0.3333333333333333,0.5,0.41666666666666663,0.11156158787519313,2.559099075316075,0.02106235501073393,3.292837340384081
anisotropic,10.0,kappa_prime,2,0.3333333333333333,0.5,0.41666666666666663,0.11156158787519313,9.481702686705887,0.01979914692157792,15.257867084384571
anisotropic,10.0,kappa_tau,2,0.3333333333333333,0.5,0.41666666666666663,0.11156158787519313,2.8830572105380954,0.02126358224682806,3.9810901020888285
anisotropic,10.0,kappa,3,0.5,0.6666666666666666,0.5833333333333333,0.14150469697321358,2.559099075316075,0.013788088712263705,2.8576811503733373
anisotropic,10.0,kappa_prime,3,0.5,0.6666666666666666,0.5833333333333333,0.14150469697321358,9.481702686705887,0.015262522009358922,12.841267273072212
anisotropic,10.0,kappa_tau,3,0.5,0.6666666666666666,0.5833333333333333,0.14150469697321358,2.8830572105380954,0.013134853472818016,3.2053492267349166
anisotropic,10.0,kappa,4,0.6666666666666666,0.8333333333333333,0.75,0.20156502536033366,2.559099075316075,0.007198394091994451,2.280032898413678
anisotropic,10.0,kappa_prime,4,0.6666666666666666,0.8333333333333333,0.75,0.20156502536033366,9.481702686705887,0.009846069197433738,9.357617360226529
anisotropic,10.0,kappa_tau,4,0.6666666666666666,0.8333333333333333,0.75,0.20156502536033366,2.8830572105380954,0.006392545262638037,2.395104456772245
anisotropic,10.0,kappa,5,0.8333333333333333,1.0,0.9166666666666666,0.356749395936437,2.559099075316075,0.0023945791171862086,1.5949079514783706
anisotropic,10.0,kappa_prime,5,0.8333333333333333,1.0,0.9166666666666666,0.356749395936437,9.481702686705887,0.004220651365877595,5.260084654311065
anisotropic,10.0,kappa_tau,5,0.8333333333333333,1.0,0.9166666666666666,0.356749395936437,2.8830572105380954,0.0018847671326531628,1.4736207247514082
anisotropic,24.0,kappa,0,0.0,0.16666666666666666,0.08333333333333333,0.06916544217456297,2.679639013249939,0.05153151361325882,4.883224737947739
anisotropic,24.0,kappa_prime,0,0.0,0.16666666666666666,0.08333333333333333,0.06916544217456297,10.03077621479579,0.031142143089018182,22.341527772954645
anisotropic,24.0,kappa_tau,0,0.0,0.16666666666666666,0.08333333333333333,0.06916544217456297,3.059299208600636,0.04974875504661363,6.44073562454009
anisotropic,24.0,kappa,1,0.16666666666666666,0.3333333333333333,0.25,0.07462232587348622,2.679639013249939,0.04560736138785754,4.572902990677847
anisotropic,24.0,kappa_prime,1,0.16666666666666666,0.3333333333333333,0.25,0.07462232587348622,10.03077621479579,0.03214853969272225,22.128795659620877
anisotropic,24.0,kappa_tau,1,0.16666666666666666,0.3333333333333333,0.25,0.07462232587348622,3.059299208600636,0.04162824804322568,5.86701648959152
anisotropic,24.0,kappa,2,0.3333333333333333,0.5,0.41666666666666663,0.08797490872945109,2.679639013249939,0.03305393824144986,4.096834081193705
anisotropic,24.0,kappa_prime,2,0.3333333333333333,0.5,0.41666666666666663,0.08797490872945109,10.03077621479579,0.030258799727159783,22.506753239375765
anisotropic,24.0,kappa_tau,2,0.3333333333333333,0.5,0.41666666666666663,0.08797490872945109,3.059299208600636,0.0313022123858206,5.006302657766
anisotropic,24.0,kappa,3,0.5,0.6666666666666666,0.5833333333333333,0.11830292643156108,2.679639013249939,0.01906078528711459,3.358970218372182
anisotropic,24.0,kappa_prime,3,0.5,0.6666666666666666,0.5833333333333333,0.11830292643156108,10.03077621479579,0.024395948413851527,18.50434900444323
anisotropic,24.0,kappa_tau,3,0.5,0.6666666666666666,0.5833333333333333,0.11830292643156108,3.059299208600636,0.018321576983993094,3.932619730746826
anisotropic,24.0,kappa,4,0.6666666666666666,0.8333333333333333,0.75,0.19378624383989232,2.679639013249939,0.00769223512451905,2.448612043701121
anisotropic,24.0,kappa_prime,4,0.6666666666666666,0.8333333333333333,0.75,0.19378624383989232,10.03077621479579,0.012959668541279303,12.090334500760841
anisotropic,24.0,kappa_tau,4,0.6666666666666666,0.8333333333333333,0.75,0.19378624383989232,3.059299208600636,0.0064093882377017335,2.5364026246901745
anisotropic,24.0,kappa,5,0.8333333333333333,1.0,0.9166666666666666,0.4561481529510465,2.679639013249939,0.0015689895105517652,1.4241910874645838
anisotropic,24.0,kappa_prime,5,0.8333333333333333,1.0,0.9166666666666666,0.4561481529510465,10.03077621479579,0.003418909227077529,4.81663984855164
anisotropic,24.0,kappa_tau,5,0.8333333333333333,1.0,0.9166666666666666,0.4561481529510465,3.059299208600636,0.0010060197397107778,1.2413173829530826
anisotropic,40.0,kappa,0,0.0,0.16666666666666666,0.08333333333333333,0.05356104120235435,2.8598829907593686,0.07971473640471444,6.2661486897952505
anisotropic,40.0,kappa_prime,0,0.0,0.16666666666666666,0.08333333333333333,0.05356104120235435,10.990178612831597,0.04539683900919687,31.04260361707116
anisotropic,40.0,kappa_tau,0,0.0,0.16666666666666666,0.08333333333333333,0.05356104120235435,3.3755179740277126,0.07132326212762397,8.519480232576907
anisotropic,40.0,kappa,1,0.16666666666666666,0.3333333333333333,0.25,0.05791792459797056,2.8598829907593686,0.06897931045977264,5.971383073913673
anisotropic,40.0,kappa_prime,1,0.16666666666666666,0.3333333333333333,0.25,0.05791792459797056,10.990178612831597,0.049783271977185004,34.4913906968933
anisotropic,40.0,kappa_tau,1,0.16666666666666666,0.3333333333333333,0.25,0.05791792459797056,3.3755179740277126,0.0607488571967887,7.886490714436309
anisotropic,40.0,kappa,2,0.3333333333333333,0.5,0.41666666666666663,0.06972293409344396,2.8598829907593686,0.04891427981489666,5.160424026397272
anisotropic,40.0,kappa_prime,2,0.3333333333333333,0.5,0.41666666666666663,0.06972293409344396,10.990178612831597,0.048398818831578476,33.88374055669434
anisotropic,40.0,kappa_tau,2,0.3333333333333333,0.5,0.41666666666666663,0.06972293409344396,3.3755179740277126,0.043911347036889536,6.496825151027742
anisotropic,40.0,kappa,3,0.5,0.6666666666666666,0.5833333333333333,0.09838644892765358,2.8598829907593686,0.02704392933952405,4.081397905359463
anisotropic,40.0,kappa_prime,3,0.5,0.6666666666666666,0.5833333333333333,0.09838644892765358,10.990178612831597,0.03719069581374273,28.62273655391111
anisotropic,40.0,kappa_tau,3,0.5,0.6666666666666666,0.5833333333333333,0.09838644892765358,3.3755179740277126,0.02366620048715576,4.912039846467665
anisotropic,40.0,kappa,4,0.6666666666666666,0.8333333333333333,0.75,0.17628221085275741,2.8598829907593686,0.009180122236780126,2.7708469814131336
anisotropic,40.0,kappa_prime,4,0.6666666666666666,0.8333333333333333,0.75,0.17628221085275741,10.990178612831597,0.018442753310150883,17.027479147049146
anisotropic,40.0,kappa_tau,4,0.6666666666666666,0.8333333333333333,0.75,0.17628221085275741,3.3755179740277126,0.007269422423215734,2.9472692331213866
anisotropic,40.0,kappa,5,0.8333333333333333,1.0,0.9166666666666666,0.5441294403258203,2.8598829907593686,0.001172973036022077,1.3526224803506341
anisotropic,40.0,kappa_prime,5,0.8333333333333333,1.0,0.9166666666666666,0.5441294403258203,10.990178612831597,0.003290012064789238,5.022020311144154
anisotropic,40.0,kappa_tau,5,0.8333333333333333,1.0,0.9166666666666666,0.5441294403258203,3.3755179740277126,0.0006411831259515401,1.1762457752238347
anisotropic,55.0,kappa,0,0.0,0.16666666666666666,0.08333333333333333,0.048312096453740516,3.3817359318659967,0.09517932400086923,7.928443920863614
anisotropic,55.0,kappa_prime,0,0.0,0.16666666666666666,0.08333333333333333,0.048312096453740516,14.733054684242603,0.051904635006567175,45.93164420990354
anisotropic,55.0,kappa_tau,0,0.0,0.16666666666666666,0.08333333333333333,0.048312096453740516,4.526129792093454,0.08329155013695629,12.362222273954291
anisotropic,55.0,kappa,1,0.16666666666666666,0.3333333333333333,0.25,0.052194331258761315,3.3817359318659967,0.08088348831446457,7.768139434476893
anisotropic,55.0,kappa_prime,1,0.16666666666666666,0.3333333333333333,0.25,0.052194331258761315,14.733054684242603,0.05896102199740598,53.94987279823911
anisotropic,55.0,kappa_tau,1,0.16666666666666666,0.3333333333333333,0.25,0.052194331258761315,4.526129792093454,0.06955459822470327,11.450445549802327
anisotropic,55.0,kappa,2,0.3333333333333333,0.5,0.41666666666666663,0.06323675049012085,3.3817359318659967,0.05768823966323676,6.458497641835752
anisotropic,55.0,kappa_prime,2,0.3333333333333333,0.5,0.41666666666666663,0.06323675049012085,14.733054684242603,0.05845089502315178,50.227096346888395
anisotropic,55.0,kappa_tau,2,0.3333333333333333,0.5,0.41666666666666663,0.06323675049012085,4.526129792093454,0.053024203594227194,9.385128090188553
anisotropic,55.0,kappa,3,0.5,0.6666666666666666,0.5833333333333333,0.09145801384919577,3.3817359318659967,0.03228885252302385,5.151976480661047
anisotropic,55.0,kappa_prime,3,0.5,0.6666666666666666,0.5833333333333333,0.09145801384919577,14.733054684242603,0.04656519257591278,46.42793584169131
anisotropic,55.0,kappa_tau,3,0.5,0.6666666666666666,0.5833333333333333,0.09145801384919577,4.526129792093454,0.027082537008822304,6.911093493885407
anisotropic,55.0,kappa,4,0.6666666666666666,0.8333333333333333,0.75,0.16691359151103285,3.3817359318659967,0.01016658101200252,3.404459862109201
anisotropic,55.0,kappa_prime,4,0.6666666666666666,0.8333333333333333,0.75,0.16691359151103285,14.733054684242603,0.0218367463957313,25.986257668311875
anisotropic,55.0,kappa_tau,4,0.6666666666666666,0.8333333333333333,0.75,0.16691359151103285,4.526129792093454,0.007949975335321179,4.109608151454025
anisotropic,55.0,kappa,5,0.8333333333333333,1.0,0.9166666666666666,0.5778852164371486,3.3817359318659967,0.0010169899607395446,1.546400521981905
anisotropic,55.0,kappa_prime,5,0.8333333333333333,1.0,0.9166666666666666,0.5778852164371486,14.733054684242603,0.00337715702106509,6.839939238546355
anisotropic,55.0,kappa_tau,5,0.8333333333333333,1.0,0.9166666666666666,0.5778852164371486,4.526129792093454,0.0005729876812146181,1.5050525508988664
anisotropic,70.0,kappa,0,0.0,0.16666666666666666,0.08333333333333333,0.052052879520879336,3.951873260108372,0.08282068628573487,8.64944940488335
anisotropic,70.0,kappa_prime,0,0.0,0.16666666666666666,0.08333333333333333,0.052052879520879336,19.261912242021005,0.04744075907823767,55.348531869450696
anisotropic,70.0,kappa_tau,0,0.0,0.16666666666666666,0.08333333333333333,0.052052879520879336,5.9706461411325025,0.0775477159726385,15.210479497159648
anisotropic,70.0,kappa,1,0.16666666666666666,0.3333333333333333,0.25,0.056498529420766955,3.951873260108372,0.07457746907706136,8.632944983359607
anisotropic,70.0,kappa_prime,1,0.16666666666666666,0.3333333333333333,0.25,0.056498529420766955,19.261912242021005,0.05521015944363356,66.74079969112091
anisotropic,70.0,kappa_tau,1,0.16666666666666666,0.3333333333333333,0.25,0.056498529420766955,5.9706461411325025,0.0658585653287569,14.51706400767515
anisotropic,70.0,kappa,2,0.3333333333333333,0.5,0.41666666666666663,0.06801857171644492,3.951873260108372,0.051394523809114356,7.259405803609861
anisotropic,70.0,kappa_prime,2,0.3333333333333333,0.5,0.41666666666666663,0.06801857171644492,19.261912242021005,0.05294663577766894,63.19834269686272
anisotropic,70.0,kappa_tau,2,0.3333333333333333,0.5,0.41666666666666663,0.06801857171644492,5.9706461411325025,0.048620108271752845,11.69682517594175
anisotropic,70.0,kappa,3,0.5,0.6666666666666666,0.5833333333333333,0.09648398840930382,3.951873260108372,0.02854356960059216,5.709088273058364
anisotropic,70.0,kappa_prime,3,0.5,0.6666666666666666,0.5833333333333333,0.09648398840930382,19.261912242021005,0.04160247577938383,55.14917016014293
anisotropic,70.0,kappa_tau,3,0.5,0.6666666666666666,0.5833333333333333,0.09648398840930382,5.9706461411325025,0.025198087665116074,8.822617003831457
anisotropic,70.0,kappa,4,0.6666666666666666,0.8333333333333333,0.75,0.1737807237044208,3.951873260108372,0.009483546715566763,3.8811551576812797
anisotropic,70.0,kappa_prime,4,0.6666666666666666,0.8333333333333333,0.75,0.1737807237044208,19.261912242021005,0.020852536274300004,32.51056666024876
anisotropic,70.0,kappa_tau,4,0.6666666666666666,0.8333333333333333,0.75,0.1737807237044208,5.9706461411325025,0.0073825307344598905,5.341174529141451
anisotropic,70.0,kappa,5,0.8333333333333333,1.0,0.9166666666666666,0.5531653072281839,3.951873260108372,0.0011248506213844068,1.8594131944086103
anisotropic,70.0,kappa_prime,5,0.8333333333333333,1.0,0.9166666666666666,0.5531653072281839,19.261912242021005,0.0035144932192133285,9.155953504046234
anisotropic,70.0,kappa_tau,5,0.8333333333333333,1.0,0.9166666666666666,0.5531653072281839,5.9706461411325025,0.0006108251811223132,2.059972932796876
anisotropic,100.0,kappa,0,0.0,0.16666666666666666,0.08333333333333333,0.05428574478279018,3.9307734670593386,0.07730484646540058,8.360135488255377
anisotropic,100.0,kappa_prime,0,0.0,0.16666666666666666,0.08333333333333333,0.05428574478279018,18.8142617790054,0.045649834151895,51.80086597996909
anisotropic,100.0,kappa_tau,0,0.0,0.16666666666666666,0.08333333333333333,0.05428574478279018,5.8471761338305335,0.07427003301256975,14.464019535540004
anisotropic,100.0,kappa,1,0.16666666666666666,0.3333333333333333,0.25,0.058868402907642836,3.9307734670593386,0.07030431777562074,8.291132434976763
anisotropic,100.0,kappa_prime,1,0.16666666666666666,0.3333333333333333,0.25,0.058868402907642836,18.8142617790054,0.052354885115994274,60.389209012532554
anisotropic,100.0,kappa_tau,1,0.16666666666666666,0.3333333333333333,0.25,0.058868402907642836,5.8471761338305335,0.061655048329015555,13.81052846016902
anisotropic,100.0,kappa,2,0.3333333333333333,0.5,0.41666666666666663,0.07080581465372585,3.9307734670593386,0.04770215084881368,7.047510271508767
anisotropic,100.0,kappa_prime,2,0.3333333333333333,0.5,0.41666666666666663,0.07080581465372585,18.8142617790054,0.04922562679707898,58.56471959820603
anisotropic,100.0,kappa_tau,2,0.3333333333333333,0.5,0.41666666666666663,0.07080581465372585,5.8471761338305335,0.046705852429884634,11.236250058284996
anisotropic,100.0,kappa,3,0.5,0.6666666666666666,0.5833333333333333,0.09992181723293295,3.9307734670593386,0.02702473064200376,5.524362287537753
anisotropic,100.0,kappa_prime,3,0.5,0.6666666666666666,0.5833333333333333,0.09992181723293295,18.8142617790054,0.03896800657321117,50.89391613038956
anisotropic,100.0,kappa_tau,3,0.5,0.6666666666666666,0.5833333333333333,0.09992181723293295,5.8471761338305335,0.023839077950826487,8.464908215571207
anisotropic,100.0,kappa,4,0.6666666666666666,0.8333333333333333,0.75,0.17719475673211194,3.9307734670593386,0.009319962929691354,3.821726235549902
anisotropic,100.0,kappa_prime,4,0.6666666666666666,0.8333333333333333,0.75,0.17719475673211194,18.8142617790054,0.019872342337486547,31.06338267520333
anisotropic,100.0,kappa_tau,4,0.6666666666666666,0.8333333333333333,0.75,0.17719475673211194,5.8471761338305335,0.0072493766439207016,5.168931993363084
anisotropic,100.0,kappa,5,0.8333333333333333,1.0,0.9166666666666666,0.5389234636907961,3.9307734670593386,0.0011645967295712694,1.873758688327746
anisotropic,100.0,kappa_prime,5,0.8333333333333333,1.0,0.9166666666666666,0.5389234636907961,18.8142617790054,0.0035411411730311916,8.979381400009315
anisotropic,100.0,kappa_tau,5,0.8333333333333333,1.0,0.9166666666666666,0.5389234636907961,5.8471761338305335,0.0006448613243393599,2.061435664975015
isotropic,0.0,kappa,0,0.0,0.16666666666666666,0.08333333333333333,0.16790471116487637,2.600403561534248,0.009882287324495,2.587994932273287
isotropic,0.0,kappa_prime,0,0.0,0.16666666666666666,0.08333333333333333,0.16790471116487637,9.928372216864805,0.009738131123971563,9.709598325375103
isotropic,0.0,kappa_tau,0,0.0,0.16666666666666666,0.08333333333333333,0.16790471116487637,3.013323350345859,0.010374868399450315,3.0675680476172555
isotropic,0.0,kappa,1,0.16666666666666666,0.3333333333333333,0.25,0.1649637633109438,2.600403561534248,0.009864102339020422,2.5906815304932667
isotropic,0.0,kappa_prime,1,0.16666666666666666,0.3333333333333333,0.25,0.1649637633109438,9.928372216864805,0.010082373255152119,9.987431963879404
isotropic,0.0,kappa_tau,1,0.16666666666666666,0.3333333333333333,0.25,0.1649637633109438,3.013323350345859,0.009677404464187711,2.973812261128886
isotropic,0.0,kappa,2,0.3333333333333333,0.5,0.41666666666666663,0.16657321285332172,2.600403561534248,0.010031679782121451,2.602935857614492
isotropic,0.0,kappa_prime,2,0.3333333333333333,0.5,0.41666666666666663,0.16657321285332172,9.928372216864805,0.009931839555024781,9.889413729419667
isotropic,0.0,kappa_tau,2,0.3333333333333333,0.5,0.41666666666666663,0.16657321285332172,3.013323350345859,0.009897030421667518,3.0013533473605265
isotropic,0.0,kappa,3,0.5,0.6666666666666666,0.5833333333333333,0.16652654565463873,2.600403561534248,0.010003194229864414,2.6003232274594357
isotropic,0.0,kappa_prime,3,0.5,0.6666666666666666,0.5833333333333333,0.16652654565463873,9.928372216864805,0.010061340746967878,9.972978385110427
isotropic,0.0,kappa_tau,3,0.5,0.6666666666666666,0.5833333333333333,0.16652654565463873,3.013323350345859,0.010017208082397823,3.0151096142099703
isotropic,0.0,kappa,4,0.6666666666666666,0.8333333333333333,0.75,0.1669823305093036,2.600403561534248,0.010009878368121635,2.603193004941973
isotropic,0.0,kappa_prime,4,0.6666666666666666,0.8333333333333333,0.75,0.1669823305093036,9.928372216864805,0.010250745223482209,10.072906551343642
isotropic,0.0,kappa_tau,4,0.6666666666666666,0.8333333333333333,0.75,0.1669823305093036,3.013323350345859,0.010042269763471098,3.0190433917390815
isotropic,0.0,kappa,5,0.8333333333333333,1.0,0.9166666666666666,0.1670494365069159,2.600403561534248,0.010209620178841257,2.6198969357277666
isotropic,0.0,kappa_prime,5,0.8333333333333333,1.0,0.9166666666666666,0.1670494365069159,9.928372216864805,0.009943546003351827,9.89331867311156
isotropic,0.0,kappa_tau,5,0.8333333333333333,1.0,0.9166666666666666,0.1670494365069159,3.013323350345859,0.009987746176925242,3.008243809813731
isotropic,1.0,kappa,0,0.0,0.16666666666666666,0.08333333333333333,0.16789037671282744,2.6177685818005205,0.009858918254247319,2.6078117605520146
isotropic,1.0,kappa_prime,0,0.0,0.16666666666666666,0.08333333333333333,0.16789037671282744,10.042124692474392,0.009734525956103272,9.782633058490338
isotropic,1.0,kappa_tau,0,0.0,0.16666666666666666,0.08333333333333333,0.16789037671282744,3.047667247079946,0.010381398822186411,3.0999166239219367
isotropic,1.0,kappa,1,0.16666666666666666,0.3333333333333333,0.25,0.165008614148728,2.6177685818005205,0.009876623458636864,2.6024316871350606
isotropic,1.0,kappa_prime,1,0.16666666666666666,0.3333333333333333,0.25,0.165008614148728,10.042124692474392,0.010108548338367574,10.111513118189084
isotropic,1.0,kappa_tau,1,0.16666666666666666,0.3333333333333333,0.25,0.165008614148728,3.047667247079946,0.009667410051824908,3.006281195602132
isotropic,1.0,kappa,2,0.3333333333333333,0.5,0.41666666666666663,0.1665784520482916,2.6177685818005205,0.010030895683485455,2.619956160062693
isotropic,1.0,kappa_prime,2,0.3333333333333333,0.5,0.41666666666666663,0.1665784520482916,10.042124692474392,0.00988771162938105,9.960240608071954
isotropic,1.0,kappa_tau,2,0.3333333333333333,0.5,0.41666666666666663,0.1665784520482916,3.047667247079946,0.009875751925226469,3.031299412103417
isotropic,1.0,kappa,3,0.5,0.6666666666666666,0.5833333333333333,0.16649408634039015,2.6177685818005205,0.00996947256462834,2.615536983009512
isotropic,1.0,kappa_prime,3,0.5,0.6666666666666666,0.5833333333333333,0.16649408634039015,10.042124692474392,0.010056426407161615,10.066099918932093
isotropic,1.0,kappa_tau,3,0.5,0.6666666666666666,0.5833333333333333,0.16649408634039015,3.047667247079946,0.010058405671083657,3.0586250454493533
isotropic,1.0,kappa,4,0.6666666666666666,0.8333333333333333,0.75,0.16696865951625292,2.6177685818005205,0.010053976716310855,2.625663295638045
isotropic,1.0,kappa_prime,4,0.6666666666666666,0.8333333333333333,0.75,0.16696865951625292,10.042124692474392,0.010260864886842773,10.203836916616359
isotropic,1.0,kappa_tau,4,0.6666666666666666,0.8333333333333333,0.75,0.16696865951625292,3.047667247079946,0.010121078135685278,3.0601107770927136
isotropic,1.0,kappa,5,0.8333333333333333,1.0,0.9166666666666666,0.1670598112335101,2.6177685818005205,0.010227861937928443,2.643165163146103
isotropic,1.0,kappa_prime,5,0.8333333333333333,1.0,0.9166666666666666,0.1670598112335101,10.042124692474392,0.009955822560584523,10.012687011302324
isotropic,1.0,kappa_tau,5,0.8333333333333333,1.0,0.9166666666666666,0.1670598112335101,3.047667247079946,0.009890016547792896,3.0380111690913196
isotropic,10.0,kappa,0,0.0,0.16666666666666666,0.08333333333333333,0.16790440934820083,2.559099075316075,0.009931013821990431,2.5510644856787055
isotropic,10.0,kappa_prime,0,0.0,0.16666666666666666,0.08333333333333333,0.16790440934820083,9.481702686705887,0.009751365453296383,9.231445152140468
isotropic,10.0,kappa_tau,0,0.0,0.16666666666666666,0.08333333333333333,0.16790440934820083,2.8830572105380954,0.010363047686631719,2.926098052753728
isotropic,10.0,kappa,1,0.16666666666666666,0.3333333333333333,0.25,0.16502411661549474,2.559099075316075,0.00978610460561995,2.545061234018493
isotropic,10.0,kappa_prime,1,0.16666666666666666,0.3333333333333333,0.25,0.16502411661549474,9.481702686705887,0.010196030376412552,9.59299095185058
isotropic,10.0,kappa_tau,1,0.16666666666666666,0.3333333333333333,0.25,0.16502411661549474,2.8830572105380954,0.009665042971058722,2.840245056606902
isotropic,10.0,kappa,2,0.3333333333333333,0.5,0.41666666666666663,0.16655436671646012,2.559099075316075,0.010037818828819227,2.5639989234078153
isotropic,10.0,kappa_prime,2,0.3333333333333333,0.5,0.41666666666666663,0.16655436671646012,9.481702686705887,0.009888311757512333,9.43571589255846
isotropic,10.0,kappa_tau,2,0.3333333333333333,0.5,0.41666666666666663,0.16655436671646012,2.8830572105380954,0.009879863984489288,2.8673425531121763
isotropic,10.0,kappa,3,0.5,0.6666666666666666,0.5833333333333333,0.16647131449660416,2.559099075316075,0.009982215632313678,2.556708738280277
isotropic,10.0,kappa_prime,3,0.5,0.6666666666666666,0.5833333333333333,0.16647131449660416,9.481702686705887,0.009942401637518666,9.434972385926123
isotropic,10.0,kappa_tau,3,0.5,0.6666666666666666,0.5833333333333333,0.16647131449660416,2.8830572105380954,0.010175937702261596,2.9016639145867544
isotropic,10.0,kappa,4,0.6666666666666666,0.8333333333333333,0.75,0.16701279261969493,2.559099075316075,0.010018025969457145,2.5624144113981546
isotropic,10.0,kappa_prime,4,0.6666666666666666,0.8333333333333333,0.75,0.16701279261969493,9.481702686705887,0.010224207256421676,9.664013847914402
isotropic,10.0,kappa_tau,4,0.6666666666666666,0.8333333333333333,0.75,0.16701279261969493,2.8830572105380954,0.01006753544581612,2.8890655064564643
isotropic,10.0,kappa,5,0.8333333333333333,1.0,0.9166666666666666,0.1670330002035453,2.559099075316075,0.010244757262546717,2.579301495973348
isotropic,10.0,kappa_prime,5,0.8333333333333333,1.0,0.9166666666666666,0.1670330002035453,9.481702686705887,0.010002770767184888,9.479344471634242
isotropic,10.0,kappa_tau,5,0.8333333333333333,1.0,0.9166666666666666,0.1670330002035453,2.8830572105380954,0.009849047264099409,2.8654740794248834
isotropic,24.0,kappa,0,0.0,0.16666666666666666,0.08333333333333333,0.1678856778771324,2.679639013249939,0.01000075064678704,2.678965523764923
isotropic,24.0,kappa_prime,0,0.0,0.16666666666666666,0.08333333333333333,0.1678856778771324,10.03077621479579,0.009848674192171083,9.914093817642243
isotropic,24.0,kappa_tau,0,0.0,0.16666666666666666,0.08333333333333333,0.1678856778771324,3.059299208600636,0.010510708869594038,3.1154599257100686
isotropic,24.0,kappa,1,0.16666666666666666,0.3333333333333333,0.25,0.16501638622423095,2.679639013249939,0.009755409443803218,2.661057678039878
isotropic,24.0,kappa_prime,1,0.16666666666666666,0.3333333333333333,0.25,0.16501638622423095,10.03077621479579,0.010163322926633855,10.106687350101556
isotropic,24.0,kappa_tau,1,0.16666666666666666,0.3333333333333333,0.25,0.16501638622423095,3.059299208600636,0.009690114611497951,3.031114324692484
isotropic,24.0,kappa,2,0.3333333333333333,0.5,0.41666666666666663,0.1666710758123393,2.679639013249939,0.009747865781843824,2.6574363828876693
isotropic,24.0,kappa_prime,2,0.3333333333333333,0.5,0.41666666666666663,0.1666710758123393,10.03077621479579,0.009930392792728117,9.991120066966728
isotropic,24.0,kappa_tau,2,0.3333333333333333,0.5,0.41666666666666663,0.1666710758123393,3.059299208600636,0.009804005628074503,3.0359161201273364
isotropic,24.0,kappa,3,0.5,0.6666666666666666,0.5833333333333333,0.16659263713939437,2.679639013249939,0.01008433688358326,2.686340603764745
isotropic,24.0,kappa_prime,3,0.5,0.6666666666666666,0.5833333333333333,0.16659263713939437,10.03077621479579,0.009984819423386818,10.002393803491357
isotropic,24.0,kappa_tau,3,0.5,0.6666666666666666,0.5833333333333333,0.16659263713939437,3.059299208600636,0.010043361398804766,3.0652925207331485
isotropic,24.0,kappa,4,0.6666666666666666,0.8333333333333333,0.75,0.16686991926691946,2.679639013249939,0.010165025321435829,2.6900918730465766
isotropic,24.0,kappa_prime,4,0.6666666666666666,0.8333333333333333,0.75,0.16686991926691946,10.03077621479579,0.010206706749308752,10.198728749168206
isotropic,24.0,kappa_tau,4,0.6666666666666666,0.8333333333333333,0.75,0.16686991926691946,3.059299208600636,0.010142247336744745,3.083926013257138
isotropic,24.0,kappa,5,0.8333333333333333,1.0,0.9166666666666666,0.16696430367998374,2.679639013249939,0.010245404523761027,2.7050790659354655
isotropic,24.0,kappa_prime,5,0.8333333333333333,1.0,0.9166666666666666,0.16696430367998374,10.03077621479579,0.009887493534568527,9.975476120618413
isotropic,24.0,kappa_tau,5,0.8333333333333333,1.0,0.9166666666666666,0.16696430367998374,3.059299208600636,0.00980735941699163,3.031821317387537
isotropic,40.0,kappa,0,0.0,0.16666666666666666,0.08333333333333333,0.1677267563987582,2.8598829907593686,0.01014453409557159,2.8761226976455387
isotropic,40.0,kappa_prime,0,0.0,0.16666666666666666,0.08333333333333333,0.1677267563987582,10.990178612831597,0.00992334078957774,10.931573464881305
isotropic,40.0,kappa_tau,0,0.0,0.16666666666666666,0.08333333333333333,0.1677267563987582,3.3755179740277126,0.010503754948642537,3.434754515314139
isotropic,40.0,kappa,1,0.16666666666666666,0.3333333333333333,0.25,0.16516933193471153,2.8598829907593686,0.009824728798395486,2.847600572918672
isotropic,40.0,kappa_prime,1,0.16666666666666666,0.3333333333333333,0.25,0.16516933193471153,10.990178612831597,0.00989640901376034,10.930265623777467
isotropic,40.0,kappa_tau,1,0.16666666666666666,0.3333333333333333,0.25,0.16516933193471153,3.3755179740277126,0.009902146498515616,3.3626880770820424
isotropic,40.0,kappa,2,0.3333333333333333,0.5,0.41666666666666663,0.1665862487401003,2.8598829907593686,0.009855079614119154,2.8425411101369464
isotropic,40.0,kappa_prime,2,0.3333333333333333,0.5,0.41666666666666663,0.1665862487401003,10.990178612831597,0.009968318323082719,10.940148338297329
isotropic,40.0,kappa_tau,2,0.3333333333333333,0.5,0.41666666666666663,0.1665862487401003,3.3755179740277126,0.009818424067023166,3.3454829787129436
isotropic,40.0,kappa,3,0.5,0.6666666666666666,0.5833333333333333,0.1667562222825029,2.8598829907593686,0.009857627266293604,2.8529107887012777
isotropic,40.0,kappa_prime,3,0.5,0.6666666666666666,0.5833333333333333,0.1667562222825029,10.990178612831597,0.009962327974746605,10.947033307158607
isotropic,40.0,kappa_tau,3,0.5,0.6666666666666666,0.5833333333333333,0.1667562222825029,3.3755179740277126,0.010045520377613667,3.377833322376457
isotropic,40.0,kappa,4,0.6666666666666666,0.8333333333333333,0.75,0.16653995309094743,2.8598829907593686,0.01010678767462667,2.868900365208842
isotropic,40.0,kappa_prime,4,0.6666666666666666,0.8333333333333333,0.75,0.16653995309094743,10.990178612831597,0.01031044434555641,11.1654677382775
isotropic,40.0,kappa_tau,4,0.6666666666666666,0.8333333333333333,0.75,0.16653995309094743,3.3755179740277126,0.010090852932776515,3.3909993407274097
isotropic,40.0,kappa,5,0.8333333333333333,1.0,0.9166666666666666,0.16722148755297986,2.8598829907593686,0.010209825322747277,2.880872681776551
isotropic,40.0,kappa_prime,5,0.8333333333333333,1.0,0.9166666666666666,0.16722148755297986,10.990178612831597,0.009939738032157697,10.951560189517435
isotropic,40.0,kappa_tau,5,0.8333333333333333,1.0,0.9166666666666666,0.16722148755297986,3.3755179740277126,0.009640935220895168,3.3272657613873275
isotropic,55.0,kappa,0,0.0,0.16666666666666666,0.08333333333333333,0.1676558722900682,3.3817359318659967,0.010118307285496097,3.397870237281039
isotropic,55.0,kappa_prime,0,0.0,0.16666666666666666,0.08333333333333333,0.1676558722900682,14.733054684242603,0.009813906454259502,14.553839739178938
isotropic,55.0,kappa_tau,0,0.0,0.16666666666666666,0.08333333333333333,0.1676558722900682,4.526129792093454,0.010467958661549719,4.609919955856466
isotropic,55.0,kappa,1,0.16666666666666666,0.3333333333333333,0.25,0.16540090672858485,3.3817359318659967,0.009860665406267913,3.362329769700731
isotropic,55.0,kappa_prime,1,0.16666666666666666,0.3333333333333333,0.25,0.16540090672858485,14.733054684242603,0.009861543532953591,14.598556315741595
isotropic,55.0,kappa_tau,1,0.16666666666666666,0.3333333333333333,0.25,0.16540090672858485,4.526129792093454,0.010170817844605565,4.5553653436602355
isotropic,55.0,kappa,2,0.3333333333333333,0.5,0.41666666666666663,0.1664553047503182,3.3817359318659967,0.009967288423095197,3.3778949967943284
isotropic,55.0,kappa_prime,2,0.3333333333333333,0.5,0.41666666666666663,0.1664553047503182,14.733054684242603,0.0100561146322384,14.823143319139799
isotropic,55.0,kappa_tau,2,0.3333333333333333,0.5,0.41666666666666663,0.1664553047503182,4.526129792093454,0.00978354921093429,4.487321543003115
isotropic,55.0,kappa,3,0.5,0.6666666666666666,0.5833333333333333,0.16672793572036393,3.3817359318659967,0.009831523272861785,3.360160803674225
isotropic,55.0,kappa_prime,3,0.5,0.6666666666666666,0.5833333333333333,0.16672793572036393,14.733054684242603,0.010143971526072179,14.904666840577441
isotropic,55.0,kappa_tau,3,0.5,0.6666666666666666,0.5833333333333333,0.16672793572036393,4.526129792093454,0.010087385613883221,4.538930298734512
isotropic,55.0,kappa,4,0.6666666666666666,0.8333333333333333,0.75,0.16662688115088065,3.3817359318659967,0.00985610498657838,3.3704302463607867
isotropic,55.0,kappa_prime,4,0.6666666666666666,0.8333333333333333,0.75,0.16662688115088065,14.733054684242603,0.010158800031239174,14.91850846460932
isotropic,55.0,kappa_tau,4,0.6666666666666666,0.8333333333333333,0.75,0.16662688115088065,4.526129792093454,0.010009423344204633,4.526296380556624
isotropic,55.0,kappa,5,0.8333333333333333,1.0,0.9166666666666666,0.16713309935978424,3.3817359318659967,0.010367846971307344,3.4232346196786247
isotropic,55.0,kappa_prime,5,0.8333333333333333,1.0,0.9166666666666666,0.16713309935978424,14.733054684242603,0.009965981302484833,14.706717087258772
isotropic,55.0,kappa_tau,5,0.8333333333333333,1.0,0.9166666666666666,0.16713309935978424,4.526129792093454,0.009484699819850135,4.460882968392818
isotropic,70.0,kappa,0,0.0,0.16666666666666666,0.08333333333333333,0.16781904671932438,3.951873260108372,0.010063124869582152,3.96221755034843
isotropic,70.0,kappa_prime,0,0.0,0.16666666666666666,0.08333333333333333,0.16781904671932438,19.261912242021005,0.009590858870802627,18.79391721253506
isotropic,70.0,kappa_tau,0,0.0,0.16666666666666666,0.08333333333333333,0.16781904671932438,5.9706461411325025,0.010027712832567169,5.97797549749386
isotropic,70.0,kappa,1,0.16666666666666666,0.3333333333333333,0.25,0.16517235246874412,3.951873260108372,0.009973474918385107,3.949453639581648
isotropic,70.0,kappa_prime,1,0.16666666666666666,0.3333333333333333,0.25,0.16517235246874412,19.261912242021005,0.010198962475500234,19.420513626156325
isotropic,70.0,kappa_tau,1,0.16666666666666666,0.3333333333333333,0.25,0.16517235246874412,5.9706461411325025,0.010123818950594613,5.996196123929274
isotropic,70.0,kappa,2,0.3333333333333333,0.5,0.41666666666666663,0.1666813981138766,3.951873260108372,0.010137656329726309,3.9710088777840022
isotropic,70.0,kappa_prime,2,0.3333333333333333,0.5,0.41666666666666663,0.1666813981138766,19.261912242021005,0.01013086678167649,19.363022107704
isotropic,70.0,kappa_tau,2,0.3333333333333333,0.5,0.41666666666666663,0.1666813981138766,5.9706461411325025,0.01004482405052312,5.98141982992935
isotropic,70.0,kappa,3,0.5,0.6666666666666666,0.5833333333333333,0.16675411013564495,3.951873260108372,0.009844915961616322,3.930088608844195
isotropic,70.0,kappa_prime,3,0.5,0.6666666666666666,0.5833333333333333,0.16675411013564495,19.261912242021005,0.010023302838390263,19.29141922593727
isotropic,70.0,kappa_tau,3,0.5,0.6666666666666666,0.5833333333333333,0.16675411013564495,5.9706461411325025,0.009781980253957868,5.89669428469719
isotropic,70.0,kappa,4,0.6666666666666666,0.8333333333333333,0.75,0.16631264071292368,3.951873260108372,0.00980914424056298,3.9323121726036296
isotropic,70.0,kappa_prime,4,0.6666666666666666,0.8333333333333333,0.75,0.16631264071292368,19.261912242021005,0.010150533212338731,19.427539968130038
isotropic,70.0,kappa_tau,4,0.6666666666666666,0.8333333333333333,0.75,0.16631264071292368,5.9706461411325025,0.010223310187440488,6.026270136139039
isotropic,70.0,kappa,5,0.8333333333333333,1.0,0.9166666666666666,0.16726045184948632,3.951873260108372,0.01017768332335875,3.9834366167847404
isotropic,70.0,kappa_prime,5,0.8333333333333333,1.0,0.9166666666666666,0.16726045184948632,19.261912242021005,0.009912311235403851,19.143275652421277
isotropic,70.0,kappa_tau,5,0.8333333333333333,1.0,0.9166666666666666,0.16726045184948632,5.9706461411325025,0.009804511001819389,5.909314160971646
isotropic,100.0,kappa,0,0.0,0.16666666666666666,0.08333333333333333,0.1676487418285284,3.9307734670593386,0.010040057321922364,3.935007769415638
isotropic,100.0,kappa_prime,0,0.0,0.16666666666666666,0.08333333333333333,0.1676487418285284,18.8142617790054,0.00969299261465767,18.452429431700622
isotropic,100.0,kappa_tau,0,0.0,0.16666666666666666,0.08333333333333333,0.1676487418285284,5.8471761338305335,0.009989235779411632,5.840713178670469
isotropic,100.0,kappa,1,0.16666666666666666,0.3333333333333333,0.25,0.16530853557078515,3.9307734670593386,0.010082858958617416,3.9405136720734175
isotropic,100.0,kappa_prime,1,0.16666666666666666,0.3333333333333333,0.25,0.16530853557078515,18.8142617790054,0.009990678153809546,18.77998908434433
isotropic,100.0,kappa_tau,1,0.16666666666666666,0.3333333333333333,0.25,0.16530853557078515,5.8471761338305335,0.010213099237781088,5.886619459968506
isotropic,100.0,kappa,2,0.3333333333333333,0.5,0.41666666666666663,0.16675757233373376,3.9307734670593386,0.009952960483334857,3.9253324371791294
isotropic,100.0,kappa_prime,2,0.3333333333333333,0.5,0.41666666666666663,0.16675757233373376,18.8142617790054,0.010222695630634784,19.091789199582895
isotropic,100.0,kappa_tau,2,0.3333333333333333,0.5,0.41666666666666663,0.16675757233373376,5.8471761338305335,0.009983793143601689,5.8415451379719165
isotropic,100.0,kappa,3,0.5,0.6666666666666666,0.5833333333333333,0.1669083585030183,3.9307734670593386,0.010063539692037937,3.9448762223661005
isotropic,100.0,kappa_prime,3,0.5,0.6666666666666666,0.5833333333333333,0.1669083585030183,18.8142617790054,0.010053213729281885,18.857286763325643
isotropic,100.0,kappa_tau,3,0.5,0.6666666666666666,0.5833333333333333,0.1669083585030183,5.8471761338305335,0.009720835477772255,5.788624587111515
isotropic,100.0,kappa,4,0.6666666666666666,0.8333333333333333,0.75,0.16609699781537995,3.9307734670593386,0.009872371622840666,3.9070609344204574
isotropic,100.0,kappa_prime,4,0.6666666666666666,0.8333333333333333,0.75,0.16609699781537995,18.8142617790054,0.010198958431026544,19.02810875528525
isotropic,100.0,kappa_tau,4,0.6666666666666666,0.8333333333333333,0.75,0.16609699781537995,5.8471761338305335,0.010296003122174121,5.9072357380215195
isotropic,100.0,kappa,5,0.8333333333333333,1.0,0.9166666666666666,0.1672797939485544,3.9307734670593386,0.01000642298182809,3.931992181670925
isotropic,100.0,kappa_prime,5,0.8333333333333333,1.0,0.9166666666666666,0.1672797939485544,18.8142617790054,0.009844250862672673,18.627251754746773
isotropic,100.0,kappa_tau,5,0.8333333333333333,1.0,0.9166666666666666,0.1672797939485544,5.8471761338305335,0.00980483808724748,5.816886850180903
