concentration_mM,x_variable,y_variable,mutual_information_hdr_nats,target_contour_probability,included_raw_probability,retained_probability
0.0,kappa,kappa_tau,0.10903279931025943,0.95,0.9517134646944801,0.9968362178075698
0.0,kappa,kappa_prime,0.21921942971981234,0.95,0.9521442875173779,0.9941192049582986
0.0,kappa_tau,kappa_prime,0.06987539271809326,0.95,0.9515809535883264,0.9934628913677636
1.0,kappa,kappa_tau,0.10683366388249387,0.95,0.9516452787076585,0.996800985232613
1.0,kappa,kappa_prime,0.21631697005723186,0.95,0.9521409292484484,0.9940579686749633
1.0,kappa_tau,kappa_prime,0.06804246041871811,0.95,0.9515014727527635,0.9933992445845121
10.0,kappa,kappa_tau,0.12131369131031806,0.95,0.9517609333670601,0.9967101027123761
10.0,kappa,kappa_prime,0.2445239339750121,0.95,0.9522086078442155,0.9939626316443362
10.0,kappa_tau,kappa_prime,0.07955983937036319,0.95,0.9513784454331455,0.9932862296803451
24.0,kappa,kappa_tau,0.14995058035456643,0.95,0.9512716464200425,0.995412658961716
24.0,kappa,kappa_prime,0.3035093671821077,0.95,0.9516402646812641,0.9921511982604253
24.0,kappa_tau,kappa_prime,0.10364658040171545,0.95,0.9511519875973151,0.9910691350727765
40.0,kappa,kappa_tau,0.18274949803617235,0.95,0.9509259963152098,0.9931838386819968
40.0,kappa,kappa_prime,0.36807325578619204,0.95,0.9511704950406481,0.9889011696623774
40.0,kappa_tau,kappa_prime,0.1331534864493108,0.95,0.950935305750589,0.9871957186710889
55.0,kappa,kappa_tau,0.1974016083835674,0.95,0.9506520542379227,0.9869213004219672
55.0,kappa,kappa_prime,0.40886654257828703,0.95,0.9507386256057294,0.9813212564944847
55.0,kappa_tau,kappa_prime,0.15406554807226605,0.95,0.9504639416689226,0.9773739538924366
70.0,kappa,kappa_tau,0.18484603382321363,0.95,0.9506157606084914,0.9786860104420759
70.0,kappa,kappa_prime,0.3959460531222754,0.95,0.9507027587401055,0.9738500443549918
70.0,kappa_tau,kappa_prime,0.1511446336553457,0.95,0.9504000934976633,0.9660779107775019
100.0,kappa,kappa_tau,0.17465873121548872,0.95,0.9504847495746694,0.9797090060444527
100.0,kappa,kappa_prime,0.3801447154919061,0.95,0.9506666815647374,0.9751309080188015
100.0,kappa_tau,kappa_prime,0.1442298176423574,0.95,0.9504923096439216,0.9677751233698374
