concentration_mM,variable,mu_bin,mu_low,mu_high,mu_center,orientation_probability,conditional_mean,absolute_value
0.0,kappa,0,0.0,0.16666666666666666,0.08333333333333333,0.11018892701756054,0.7527976249299301,False
0.0,kappa_prime,0,0.0,0.16666666666666666,0.08333333333333333,0.11018892701756054,1.5042068677245446,True
0.0,kappa_tau,0,0.0,0.16666666666666666,0.08333333333333333,0.11018892701756054,0.6535589195414044,True
0.0,kappa,1,0.16666666666666666,0.3333333333333333,0.25,0.11400530550429024,0.7280519953967028,False
0.0,kappa_prime,1,0.16666666666666666,0.3333333333333333,0.25,0.11400530550429024,1.4527882674224073,True
0.0,kappa_tau,1,0.16666666666666666,0.3333333333333333,0.25,0.11400530550429024,0.6262412380644167,True
0.0,kappa,2,0.3333333333333333,0.5,0.41666666666666663,0.12789922261037343,0.6763023329769055,False
0.0,kappa_prime,2,0.3333333333333333,0.5,0.41666666666666663,0.12789922261037343,1.386156218452951,True
0.0,kappa_tau,2,0.3333333333333333,0.5,0.41666666666666663,0.12789922261037343,0.569890160115887,True
0.0,kappa,3,0.5,0.6666666666666666,0.5833333333333333,0.15305930110640015,0.6040701465369579,False
0.0,kappa_prime,3,0.5,0.6666666666666666,0.5833333333333333,0.15305930110640015,1.1544224939132606,True
0.0,kappa_tau,3,0.5,0.6666666666666666,0.5833333333333333,0.15305930110640015,0.4849879696272901,True
0.0,kappa,4,0.6666666666666666,0.8333333333333333,0.75,0.19925898020923116,0.509220880488662,False
0.0,kappa_prime,4,0.6666666666666666,0.8333333333333333,0.75,0.19925898020923116,0.9276397639142484,True
0.0,kappa_tau,4,0.6666666666666666,0.8333333333333333,0.75,0.19925898020923116,0.39007493759197026,True
0.0,kappa,5,0.8333333333333333,1.0,0.9166666666666666,0.29558826355214474,0.3957102327869582,False
0.0,kappa_prime,5,0.8333333333333333,1.0,0.9166666666666666,0.29558826355214474,0.6291752161479386,True
0.0,kappa_tau,5,0.8333333333333333,1.0,0.9166666666666666,0.29558826355214474,0.27309973949676775,True
1.0,kappa,0,0.0,0.16666666666666666,0.08333333333333333,0.11266974159469978,0.7473737114134683,False
1.0,kappa_prime,0,0.0,0.16666666666666666,0.08333333333333333,0.11266974159469978,1.5048262332278104,True
1.0,kappa_tau,0,0.0,0.16666666666666666,0.08333333333333333,0.11266974159469978,0.651026823642857,True
1.0,kappa,1,0.16666666666666666,0.3333333333333333,0.25,0.11637066439392871,0.7236000974516882,False
1.0,kappa_prime,1,0.16666666666666666,0.3333333333333333,0.25,0.11637066439392871,1.4463439616198246,True
1.0,kappa_tau,1,0.16666666666666666,0.3333333333333333,0.25,0.11637066439392871,0.6242613077540649,True
1.0,kappa,2,0.3333333333333333,0.5,0.41666666666666663,0.12991226564916317,0.674101800976906,False
1.0,kappa_prime,2,0.3333333333333333,0.5,0.41666666666666663,0.12991226564916317,1.3522723955058829,True
1.0,kappa_tau,2,0.3333333333333333,0.5,0.41666666666666663,0.12991226564916317,0.5707671497629799,True
1.0,kappa,3,0.5,0.6666666666666666,0.5833333333333333,0.15452581278329286,0.6049133585731666,False
1.0,kappa_prime,3,0.5,0.6666666666666666,0.5833333333333333,0.15452581278329286,1.1533918778227763,True
1.0,kappa_tau,3,0.5,0.6666666666666666,0.5833333333333333,0.15452581278329286,0.4885015045789413,True
1.0,kappa,4,0.6666666666666666,0.8333333333333333,0.75,0.19836908594950392,0.514601832240373,False
1.0,kappa_prime,4,0.6666666666666666,0.8333333333333333,0.75,0.19836908594950392,0.9363237365925198,True
1.0,kappa_tau,4,0.6666666666666666,0.8333333333333333,0.75,0.19836908594950392,0.39682436454028325,True
1.0,kappa,5,0.8333333333333333,1.0,0.9166666666666666,0.2881524296294116,0.40563576255431905,False
1.0,kappa_prime,5,0.8333333333333333,1.0,0.9166666666666666,0.2881524296294116,0.6511782530838379,True
1.0,kappa_tau,5,0.8333333333333333,1.0,0.9166666666666666,0.2881524296294116,0.2835917246622403,True
10.0,kappa,0,0.0,0.16666666666666666,0.08333333333333333,0.09202526246063804,0.8344053640975105,False
10.0,kappa_prime,0,0.0,0.16666666666666666,0.08333333333333333,0.09202526246063804,1.7203397965361529,True
10.0,kappa_tau,0,0.0,0.16666666666666666,0.08333333333333333,0.09202526246063804,0.721968186217639,True
10.0,kappa,1,0.16666666666666666,0.3333333333333333,0.25,0.09659403139418493,0.7982436386819141,False
10.0,kappa_prime,1,0.16666666666666666,0.3333333333333333,0.25,0.09659403139418493,1.6405654480272955,True
10.0,kappa_tau,1,0.16666666666666666,0.3333333333333333,0.25,0.09659403139418493,0.6859436573685342,True
10.0,kappa,2,0.3333333333333333,0.5,0.41666666666666663,0.11156158787519313,0.7262757933754157,False
10.0,kappa_prime,2,0.3333333333333333,0.5,0.41666666666666663,0.11156158787519313,1.5450032197245362,True
10.0,kappa_tau,2,0.3333333333333333,0.5,0.41666666666666663,0.11156158787519313,0.6023569270829703,True
10.0,kappa,3,0.5,0.6666666666666666,0.5833333333333333,0.14150469697321358,0.6225226495025656,False
10.0,kappa_prime,3,0.5,0.6666666666666666,0.5833333333333333,0.14150469697321358,1.2762577949151155,True
10.0,kappa_tau,3,0.5,0.6666666666666666,0.5833333333333333,0.14150469697321358,0.4922382237272763,True
10.0,kappa,4,0.6666666666666666,0.8333333333333333,0.75,0.20156502536033366,0.49590051328974355,False
10.0,kappa_prime,4,0.6666666666666666,0.8333333333333333,0.75,0.20156502536033366,0.9379423542288625,True
10.0,kappa_tau,4,0.6666666666666666,0.8333333333333333,0.75,0.20156502536033366,0.3643358930707104,True
10.0,kappa,5,0.8333333333333333,1.0,0.9166666666666666,0.356749395936437,0.3418962061826003,False
10.0,kappa_prime,5,0.8333333333333333,1.0,0.9166666666666666,0.356749395936437,0.5210442215242246,True
10.0,kappa_tau,5,0.8333333333333333,1.0,0.9166666666666666,0.356749395936437,0.22045535044651818,True
24.0,kappa,0,0.0,0.16666666666666666,0.08333333333333333,0.06916544217456297,1.0584088482670895,False
24.0,kappa_prime,0,0.0,0.16666666666666666,0.08333333333333333,0.06916544217456297,2.406555569662794,True
24.0,kappa_tau,0,0.0,0.16666666666666666,0.08333333333333333,0.06916544217456297,0.9559097955737273,True
24.0,kappa,1,0.16666666666666666,0.3333333333333333,0.25,0.07462232587348622,0.9944960454542682,False
24.0,kappa_prime,1,0.16666666666666666,0.3333333333333333,0.25,0.07462232587348622,2.337890862187666,True
24.0,kappa_tau,1,0.16666666666666666,0.3333333333333333,0.25,0.07462232587348622,0.8888972481178607,True
24.0,kappa,2,0.3333333333333333,0.5,0.41666666666666663,0.08797490872945109,0.8852429038475061,False
24.0,kappa_prime,2,0.3333333333333333,0.5,0.41666666666666663,0.08797490872945109,2.2247899508977906,True
24.0,kappa_tau,2,0.3333333333333333,0.5,0.41666666666666663,0.08797490872945109,0.7657751200467648,True
24.0,kappa,3,0.5,0.6666666666666666,0.5833333333333333,0.11830292643156108,0.7228020410871079,False
24.0,kappa_prime,3,0.5,0.6666666666666666,0.5833333333333333,0.11830292643156108,1.8350427659632444,True
24.0,kappa_tau,3,0.5,0.6666666666666666,0.5833333333333333,0.11830292643156108,0.5923240006430421,True
24.0,kappa,4,0.6666666666666666,0.8333333333333333,0.75,0.19378624383989232,0.5285207974948594,False
24.0,kappa_prime,4,0.6666666666666666,0.8333333333333333,0.75,0.19378624383989232,1.186108388141325,True
24.0,kappa_tau,4,0.6666666666666666,0.8333333333333333,0.75,0.19378624383989232,0.39030972925832574,True
24.0,kappa,5,0.8333333333333333,1.0,0.9166666666666666,0.4561481529510465,0.29841016883543975,False
24.0,kappa_prime,5,0.8333333333333333,1.0,0.9166666666666666,0.4561481529510465,0.4687901174910669,True
24.0,kappa_tau,5,0.8333333333333333,1.0,0.9166666666666666,0.4561481529510465,0.1846609627367592,True
40.0,kappa,0,0.0,0.16666666666666666,0.08333333333333333,0.05356104120235435,1.3385386472528853,False
40.0,kappa_prime,0,0.0,0.16666666666666666,0.08333333333333333,0.05356104120235435,3.3635435670281173,True
40.0,kappa_tau,0,0.0,0.16666666666666666,0.08333333333333333,0.05356104120235435,1.26677425332897,True
40.0,kappa,1,0.16666666666666666,0.3333333333333333,0.25,0.05791792459797056,1.262562450242135,False
40.0,kappa_prime,1,0.16666666666666666,0.3333333333333333,0.25,0.05791792459797056,3.590464912226919,True
40.0,kappa_tau,1,0.16666666666666666,0.3333333333333333,0.25,0.05791792459797056,1.1760289882949904,True
40.0,kappa,2,0.3333333333333333,0.5,0.41666666666666663,0.06972293409344396,1.097564163559992,False
40.0,kappa_prime,2,0.3333333333333333,0.5,0.41666666666666663,0.06972293409344396,3.4602705738282307,True
40.0,kappa_tau,2,0.3333333333333333,0.5,0.41666666666666663,0.06972293409344396,1.0013585599831614,True
40.0,kappa,3,0.5,0.6666666666666666,0.5833333333333333,0.09838644892765358,0.8697078852127281,False
40.0,kappa_prime,3,0.5,0.6666666666666666,0.5833333333333333,0.09838644892765358,2.874242196289668,True
40.0,kappa_tau,3,0.5,0.6666666666666666,0.5833333333333333,0.09838644892765358,0.7459467604735628,True
40.0,kappa,4,0.6666666666666666,0.8333333333333333,0.75,0.17628221085275741,0.5893895250704322,False
40.0,kappa_prime,4,0.6666666666666666,0.8333333333333333,0.75,0.17628221085275741,1.6351706537069386,True
40.0,kappa_tau,4,0.6666666666666666,0.8333333333333333,0.75,0.17628221085275741,0.4514619240281982,True
40.0,kappa,5,0.8333333333333333,1.0,0.9166666666666666,0.5441294403258203,0.2759641519498335,False
40.0,kappa_prime,5,0.8333333333333333,1.0,0.9166666666666666,0.5441294403258203,0.4741569782761976,True
40.0,kappa_tau,5,0.8333333333333333,1.0,0.9166666666666666,0.5441294403258203,0.1691239180423214,True
55.0,kappa,0,0.0,0.16666666666666666,0.08333333333333333,0.048312096453740516,1.696547137863406,False
55.0,kappa_prime,0,0.0,0.16666666666666666,0.08333333333333333,0.048312096453740516,5.047796357666629,True
55.0,kappa_tau,0,0.0,0.16666666666666666,0.08333333333333333,0.048312096453740516,1.8567389164498336,True
55.0,kappa,1,0.16666666666666666,0.3333333333333333,0.25,0.052194331258761315,1.5936427056181166,False
55.0,kappa_prime,1,0.16666666666666666,0.3333333333333333,0.25,0.052194331258761315,5.582568240930169,True
55.0,kappa_tau,1,0.16666666666666666,0.3333333333333333,0.25,0.052194331258761315,1.710851303124781,True
55.0,kappa,2,0.3333333333333333,0.5,0.41666666666666663,0.06323675049012085,1.3786121625673435,False
55.0,kappa_prime,2,0.3333333333333333,0.5,0.41666666666666663,0.06323675049012085,5.393505023286139,True
55.0,kappa_tau,2,0.3333333333333333,0.5,0.41666666666666663,0.06323675049012085,1.463297633086166,True
55.0,kappa,3,0.5,0.6666666666666666,0.5833333333333333,0.09145801384919577,1.0872099695979085,False
55.0,kappa_prime,3,0.5,0.6666666666666666,0.5833333333333333,0.09145801384919577,4.370872707613581,True
55.0,kappa_tau,3,0.5,0.6666666666666666,0.5833333333333333,0.09145801384919577,1.0701858981292405,True
55.0,kappa,4,0.6666666666666666,0.8333333333333333,0.75,0.16691359151103285,0.715336560641991,False
55.0,kappa_prime,4,0.6666666666666666,0.8333333333333333,0.75,0.16691359151103285,2.4696301015692557,True
55.0,kappa_tau,4,0.6666666666666666,0.8333333333333333,0.75,0.16691359151103285,0.6327517612946384,True
55.0,kappa,5,0.8333333333333333,1.0,0.9166666666666666,0.5778852164371486,0.3098129521061486,False
55.0,kappa_prime,5,0.8333333333333333,1.0,0.9166666666666666,0.5778852164371486,0.6464748583031031,True
55.0,kappa_tau,5,0.8333333333333333,1.0,0.9166666666666666,0.5778852164371486,0.21547359833054883,True
70.0,kappa,0,0.0,0.16666666666666666,0.08333333333333333,0.052052879520879336,1.8685538501521126,False
70.0,kappa_prime,0,0.0,0.16666666666666666,0.08333333333333333,0.052052879520879336,6.192879013547791,True
70.0,kappa_tau,0,0.0,0.16666666666666666,0.08333333333333333,0.052052879520879336,2.3672803936079054,True
70.0,kappa,1,0.16666666666666666,0.3333333333333333,0.25,0.056498529420766955,1.786787020307595,False
70.0,kappa_prime,1,0.16666666666666666,0.3333333333333333,0.25,0.056498529420766955,6.899755808583819,True
70.0,kappa_tau,1,0.16666666666666666,0.3333333333333333,0.25,0.056498529420766955,2.203843342119563,True
70.0,kappa,2,0.3333333333333333,0.5,0.41666666666666663,0.06801857171644492,1.538816706015069,False
70.0,kappa_prime,2,0.3333333333333333,0.5,0.41666666666666663,0.06801857171644492,6.534584344074908,True
70.0,kappa_tau,2,0.3333333333333333,0.5,0.41666666666666663,0.06801857171644492,1.8654949079838166,True
70.0,kappa,3,0.5,0.6666666666666666,0.5833333333333333,0.09648398840930382,1.2215345513027345,False
70.0,kappa_prime,3,0.5,0.6666666666666666,0.5833333333333333,0.09648398840930382,5.50263945913476,True
70.0,kappa_tau,3,0.5,0.6666666666666666,0.5833333333333333,0.09648398840930382,1.3853367256754279,True
70.0,kappa,4,0.6666666666666666,0.8333333333333333,0.75,0.1737807237044208,0.8203509560929619,False
70.0,kappa_prime,4,0.6666666666666666,0.8333333333333333,0.75,0.1737807237044208,3.16563011989917,True
70.0,kappa_tau,4,0.6666666666666666,0.8333333333333333,0.75,0.1737807237044208,0.835630264140876,True
70.0,kappa,5,0.8333333333333333,1.0,0.9166666666666666,0.5531653072281839,0.37636813017309523,False
70.0,kappa_prime,5,0.8333333333333333,1.0,0.9166666666666666,0.5531653072281839,0.8743537064175427,True
70.0,kappa_tau,5,0.8333333333333333,1.0,0.9166666666666666,0.5531653072281839,0.3051431937807579,True
100.0,kappa,0,0.0,0.16666666666666666,0.08333333333333333,0.05428574478279018,1.8048807467915762,False
100.0,kappa_prime,0,0.0,0.16666666666666666,0.08333333333333333,0.05428574478279018,5.752603317854752,True
100.0,kappa_tau,0,0.0,0.16666666666666666,0.08333333333333333,0.05428574478279018,2.271572794599875,True
100.0,kappa,1,0.16666666666666666,0.3333333333333333,0.25,0.058868402907642836,1.7341809210863943,False
100.0,kappa_prime,1,0.16666666666666666,0.3333333333333333,0.25,0.058868402907642836,6.571222542803536,True
100.0,kappa_tau,1,0.16666666666666666,0.3333333333333333,0.25,0.058868402907642836,2.104443597403887,True
100.0,kappa,2,0.3333333333333333,0.5,0.41666666666666663,0.07080581465372585,1.4918980273038025,False
100.0,kappa_prime,2,0.3333333333333333,0.5,0.41666666666666663,0.07080581465372585,5.978809335487942,True
100.0,kappa_tau,2,0.3333333333333333,0.5,0.41666666666666663,0.07080581465372585,1.7982468714444604,True
100.0,kappa,3,0.5,0.6666666666666666,0.5833333333333333,0.09992181723293295,1.1850649049947217,False
100.0,kappa_prime,3,0.5,0.6666666666666666,0.5833333333333333,0.09992181723293295,5.058707854100264,True
100.0,kappa_tau,3,0.5,0.6666666666666666,0.5833333333333333,0.09992181723293295,1.3324033669477002,True
100.0,kappa,4,0.6666666666666666,0.8333333333333333,0.75,0.17719475673211194,0.8082046997388123,False
100.0,kappa_prime,4,0.6666666666666666,0.8333333333333333,0.75,0.17719475673211194,3.00859347852946,True
100.0,kappa_tau,4,0.6666666666666666,0.8333333333333333,0.75,0.17719475673211194,0.81518955912461,True
100.0,kappa,5,0.8333333333333333,1.0,0.9166666666666666,0.5389234636907961,0.38278838914307484,False
100.0,kappa_prime,5,0.8333333333333333,1.0,0.9166666666666666,0.5389234636907961,0.8805291135245186,True
100.0,kappa_tau,5,0.8333333333333333,1.0,0.9166666666666666,0.5389234636907961,0.3094002608173055,True
