Q,I_obs,err,I_fit_smeared,I_fit_smeared_over_I_obs
6.237490000000000048e-03,1.345564622988820180e-01,9.329499999999999252e-03,1.281277269853999257e-01,9.522227680213356527e-01
6.625889999999999731e-03,1.578284622988820052e-01,8.516980000000000384e-03,1.281613344998820403e-01,8.120292920118622471e-01
7.030690000000000030e-03,1.349164622988820172e-01,7.520849999999999931e-03,1.281986319722678014e-01,9.502074823772644896e-01
7.440300000000000386e-03,1.289374622988820052e-01,6.952070000000000298e-03,1.282386848848651728e-01,9.945804935077980913e-01
7.847949999999999371e-03,1.300624622988820200e-01,6.552699999999999844e-03,1.282807830356432754e-01,9.863013568115874818e-01
8.254310000000000813e-03,1.381164622988819979e-01,6.201769999999999679e-03,1.283248837412018784e-01,9.291063614379921898e-01
8.653229999999999603e-03,1.265024622988820124e-01,5.855370000000000366e-03,1.283702167371367775e-01,1.014764569829810226e+00
9.034260000000000554e-03,1.322374622988820025e-01,5.737739999999999854e-03,1.284154878026823043e-01,9.710976418500734120e-01
9.443379999999999483e-03,1.278904622988820128e-01,5.345349999999999581e-03,1.284663823659356607e-01,1.004503229222111216e+00
9.871279999999999638e-03,1.286994622988820169e-01,5.128920000000000354e-03,1.285221680922932208e-01,9.986224168817655622e-01
1.029949999999999963e-02,1.252444622988820033e-01,4.811720000000000233e-03,1.285804893156795581e-01,1.026636123909706155e+00
1.073320000000000003e-02,1.241144622988820112e-01,4.621250000000000357e-03,1.286420368611261578e-01,1.036479024912835945e+00
1.116430000000000027e-02,1.292614622988820239e-01,4.386819999999999609e-03,1.287057552931118731e-01,9.957009073246809727e-01
1.160279999999999992e-02,1.264134622988820067e-01,4.335239999999999753e-03,1.287736502713695830e-01,1.018670384700858245e+00
1.204550000000000065e-02,1.272944622988819996e-01,4.248870000000000077e-03,1.288464503288976604e-01,1.012192109554394204e+00
1.249379999999999935e-02,1.354864622988820044e-01,3.965019999999999656e-03,1.289262780185603530e-01,9.515805183114904864e-01
1.294790000000000003e-02,1.235164622988820238e-01,3.926999999999999935e-03,1.290144603550677505e-01,1.044512269489080714e+00
1.339920000000000000e-02,1.277634622988819968e-01,3.735630000000000200e-03,1.291069804818384681e-01,1.010515668241781961e+00
1.385489999999999985e-02,1.264144622988820077e-01,3.683790000000000155e-03,1.291979353672168540e-01,1.022018628388845940e+00
1.431789999999999972e-02,1.226704622988820104e-01,3.590610000000000156e-03,1.292780332485412020e-01,1.053864400816882041e+00
1.478909999999999947e-02,1.285574622988820137e-01,3.388180000000000185e-03,1.293405870344085662e-01,1.006091631878248238e+00
1.526470000000000084e-02,1.279024622988819970e-01,3.326589999999999929e-03,1.293872861657369422e-01,1.011609032697003308e+00
1.574899999999999911e-02,1.227894622988820184e-01,3.224820000000000204e-03,1.294288479215149335e-01,1.054071298125501821e+00
1.623849999999999946e-02,1.233384622988820123e-01,3.193599999999999998e-03,1.294797290433573611e-01,1.049791984025173042e+00
1.673639999999999850e-02,1.293054622988820124e-01,3.091260000000000188e-03,1.295528328691900322e-01,1.001913071311219872e+00
1.724099999999999938e-02,1.291664622988820121e-01,3.124739999999999983e-03,1.296528535733089960e-01,1.003765615824497193e+00
1.774780000000000107e-02,1.297754622988820106e-01,2.872930000000000102e-03,1.297753070729819047e-01,9.999988038886754582e-01
1.826200000000000045e-02,1.318204622988820018e-01,2.878190000000000089e-03,1.299144911284060566e-01,9.855411585027333832e-01
1.878470000000000140e-02,1.267944622988819992e-01,2.801870000000000142e-03,1.300659180559799455e-01,1.025801251078193088e+00
1.931899999999999937e-02,1.299344622988820031e-01,2.755629999999999798e-03,1.302297418613952151e-01,1.002272526913098760e+00
1.985479999999999884e-02,1.306214622988820240e-01,2.718429999999999978e-03,1.304056915981844644e-01,9.983481221470033029e-01
2.039339999999999903e-02,1.353734622988820024e-01,2.610059999999999984e-03,1.305983955170788302e-01,9.647267145220780327e-01
2.096009999999999887e-02,1.303104622988820183e-01,2.551599999999999788e-03,1.308227307981912890e-01,1.003931138684277968e+00
2.152640000000000109e-02,1.337394622988820059e-01,2.478440000000000157e-03,1.310725643641467431e-01,9.800590051066957464e-01
2.209480000000000124e-02,1.312854622988820219e-01,2.458409999999999849e-03,1.313510561594509740e-01,1.000499627753296927e+00
2.267900000000000124e-02,1.332834622988820217e-01,2.432549999999999903e-03,1.316653027643626128e-01,9.878592624575526226e-01
2.326419999999999877e-02,1.333694622988820244e-01,2.353580000000000082e-03,1.320061994497667424e-01,9.897782983779285226e-01
2.385989999999999986e-02,1.349444622988820175e-01,2.291699999999999814e-03,1.323773319964340056e-01,9.809763938533305749e-01
2.447449999999999973e-02,1.346774622988820003e-01,2.246680000000000031e-03,1.327834586436237585e-01,9.859367438105197667e-01
2.508610000000000007e-02,1.341294622988820073e-01,2.231630000000000072e-03,1.332106648594446052e-01,9.931499208027090297e-01
2.571659999999999918e-02,1.349634622988820087e-01,2.166490000000000082e-03,1.336749308057093577e-01,9.904527383098756799e-01
2.636230000000000170e-02,1.359174622988820191e-01,2.146050000000000041e-03,1.341745888354360372e-01,9.871769717152796275e-01
2.700709999999999916e-02,1.330694622988820019e-01,2.112210000000000216e-03,1.346969046933895187e-01,1.012230021572133376e+00
2.766180000000000028e-02,1.339994622988820161e-01,2.025819999999999791e-03,1.352495367352309630e-01,1.009328951138331432e+00
2.834170000000000092e-02,1.372544622988820240e-01,2.065500000000000062e-03,1.358454296965875274e-01,9.897341581563576796e-01
2.902180000000000037e-02,1.386274622988820093e-01,2.103869999999999872e-03,1.364617086647216260e-01,9.843771674223467105e-01
2.971479999999999955e-02,1.381974622988820234e-01,2.158939999999999818e-03,1.371081408207353303e-01,9.921176448537759596e-01
3.041080000000000172e-02,1.380294622988820219e-01,2.225379999999999893e-03,1.377735323462555839e-01,9.981458309815606222e-01
3.112989999999999854e-02,1.407444622988820171e-01,2.313239999999999828e-03,1.384740528670491688e-01,9.838685700684162150e-01
3.186270000000000074e-02,1.396934622988820207e-01,2.612689999999999978e-03,1.391934711068222585e-01,9.964207974816315927e-01
3.260389999999999816e-02,1.396004622988820110e-01,2.686669999999999944e-03,1.399141868654374399e-01,1.002247303206516227e+00
3.336279999999999801e-02,1.446954622988819994e-01,2.853220000000000062e-03,1.406309621699046719e-01,9.719099682574583454e-01
3.413320000000000243e-02,1.399354622988820129e-01,3.081159999999999888e-03,1.413289341350073280e-01,1.009957960714411795e+00
3.490599999999999953e-02,1.444824622988820084e-01,3.233880000000000175e-03,1.420044310905529683e-01,9.828489135020215262e-01
3.570450000000000013e-02,1.399184622988820237e-01,3.406150000000000150e-03,1.426914251123918009e-01,1.019818419727815506e+00
3.652590000000000003e-02,1.437034622988820065e-01,3.707499999999999858e-03,1.434013773754431453e-01,9.978978591148307542e-01
3.735310000000000019e-02,1.455164622988820156e-01,4.121139999999999699e-03,1.441262360972644652e-01,9.904462616830107535e-01
3.818900000000000072e-02,1.514944622988819989e-01,4.707880000000000224e-03,1.448649086629394955e-01,9.562389704855144279e-01
3.903430000000000094e-02,1.412664622988820118e-01,5.742380000000000054e-03,1.456032858745565095e-01,1.030699597803326650e+00
3.986449999999999716e-02,1.450184622988820171e-01,6.690839999999999982e-03,1.462973120045405473e-01,1.008818530312525441e+00
4.071290000000000325e-02,1.380854622988820224e-01,9.256189999999999210e-03,1.469559161557343063e-01,1.064238868517906944e+00
4.151799999999999935e-02,1.420134622988820094e-01,1.790920000000000012e-02,1.475099233544773791e-01,1.038703802911497887e+00
4.276139999999999802e-02,1.473234622988820186e-01,2.365009999999999855e-03,1.480927855597028442e-01,1.005222000955014572e+00
4.459049999999999819e-02,1.468954622988820069e-01,1.350869999999999892e-03,1.490020405355797772e-01,1.014340662425716078e+00
4.599519999999999997e-02,1.467854622988820079e-01,1.531060000000000103e-03,1.495307108780416228e-01,1.018702455516812710e+00
4.763350000000000223e-02,1.498324622988820021e-01,1.833870000000000031e-03,1.499668183538605259e-01,1.000896708583154160e+00
4.937829999999999997e-02,1.472304622988820089e-01,1.438919999999999999e-03,1.502390552020604619e-01,1.020434581649760197e+00
5.060739999999999683e-02,1.488064622988820029e-01,1.230069999999999992e-03,1.503144818355420798e-01,1.010134099778752681e+00
5.223479999999999790e-02,1.483064622988820025e-01,1.553350000000000000e-03,1.502734917368998002e-01,1.013263275298507571e+00
5.375839999999999785e-02,1.493374622988820066e-01,1.531559999999999953e-03,1.500928843339063568e-01,1.005058489835005009e+00
5.531080000000000024e-02,1.481924622988819995e-01,1.045420000000000030e-03,1.497744693630175539e-01,1.010675354465363274e+00
5.698450000000000043e-02,1.497074622988820158e-01,1.228520000000000089e-03,1.492898444274730063e-01,9.972104405151477335e-01
5.865639999999999743e-02,1.475214622988820223e-01,1.359249999999999998e-03,1.486749518189055264e-01,1.007819130193317259e+00
6.047890000000000210e-02,1.482254622988820048e-01,9.266190000000000537e-04,1.478688294289838834e-01,9.975939837571293767e-01
6.230469999999999758e-02,1.466494622988820107e-01,1.081109999999999927e-03,1.469439348304078796e-01,1.002008002804167797e+00
6.408439999999999970e-02,1.454784622988820053e-01,1.203410000000000027e-03,1.459476128184803434e-01,1.003224879560759231e+00
6.584529999999999550e-02,1.456754622988820080e-01,8.579500000000000104e-04,1.448803083544395187e-01,9.945416068575017032e-01
6.761830000000000618e-02,1.441194622988820062e-01,1.067150000000000000e-03,1.437335884720703505e-01,9.973225418645302875e-01
6.939389999999999448e-02,1.440304622988820005e-01,1.029689999999999989e-03,1.425111588733029289e-01,9.894515132331775931e-01
7.129439999999999389e-02,1.422684622988820147e-01,7.723559999999999757e-04,1.411240975099233852e-01,9.919563002898386106e-01
7.337499999999999578e-02,1.403504622988820116e-01,9.088899999999999800e-04,1.395258720061493818e-01,9.941247767964124238e-01
7.542959999999999943e-02,1.398634622988820242e-01,8.773700000000000379e-04,1.378819636712951824e-01,9.858326213650248082e-01
7.704740000000000200e-02,1.381614622988820151e-01,7.994739999999999963e-04,1.365463920127213682e-01,9.883102693089134139e-01
7.904350000000000265e-02,1.348354622988820195e-01,8.403770000000000077e-04,1.348452495963841091e-01,1.000072586968852484e+00
8.122799999999999465e-02,1.343174622988820011e-01,7.188230000000000531e-04,1.329219831121967454e-01,9.896105899947689188e-01
8.317539999999999656e-02,1.320714622988820031e-01,7.541709999999999864e-04,1.311669355187595754e-01,9.931512321861367676e-01
8.529230000000000145e-02,1.302944622988820023e-01,7.973459999999999923e-04,1.292244592925745617e-01,9.917878090332575836e-01
8.721940000000000248e-02,1.285354622988820195e-01,6.605940000000000249e-04,1.274243098127006979e-01,9.913552846326754153e-01
8.944829999999999448e-02,1.251604622988820026e-01,6.896009999999999727e-04,1.253054491310241214e-01,1.001158407611150380e+00
9.185400000000000509e-02,1.236524622988820210e-01,6.255640000000000029e-04,1.229830284592088874e-01,9.945861665248926231e-01
9.400100000000000122e-02,1.220814622988820042e-01,6.357980000000000272e-04,1.208959994146451833e-01,9.902895749943217973e-01
9.643540000000000445e-02,1.185384622988820136e-01,6.332589999999999487e-04,1.185280404600697474e-01,9.999120805297272430e-01
9.842969999999999497e-02,1.160524622988819976e-01,6.010269999999999632e-04,1.165912444476802090e-01,1.004642574040442327e+00
1.007129999999999970e-01,1.142014622988820061e-01,6.245709999999999804e-04,1.143776392837638489e-01,1.001542685893292317e+00
1.031370000000000064e-01,1.115634622988820046e-01,5.183279999999999745e-04,1.120372455126767558e-01,1.004246759683071533e+00
1.056079999999999935e-01,1.092064622988820066e-01,5.654549999999999724e-04,1.096733463799010183e-01,1.004275242244742072e+00
1.081440000000000040e-01,1.068914622988820229e-01,5.107150000000000188e-04,1.072840716078386908e-01,1.003672971634150590e+00
1.105600000000000055e-01,1.052324622988820013e-01,5.276099999999999714e-04,1.050490572302411885e-01,9.982571436167680945e-01
1.133180000000000021e-01,1.025114622988820001e-01,4.655840000000000065e-04,1.025536035070954283e-01,1.000411087767829832e+00
1.157679999999999959e-01,1.004774622988820199e-01,5.167089999999999617e-04,1.003923377453443400e-01,9.991527995274754881e-01
1.185100000000000042e-01,9.750246229888201444e-02,4.473430000000000028e-04,9.803739640187704441e-02,1.005486365065891841e+00
1.211139999999999994e-01,9.526746229888199968e-02,4.597350000000000156e-04,9.586801134046633865e-02,1.006303821127304099e+00
1.240020000000000011e-01,9.320946229888202317e-02,4.280619999999999955e-04,9.354337252098450517e-02,1.003582363998965832e+00
1.266599999999999948e-01,9.090746229888202468e-02,4.350569999999999785e-04,9.148267748346315675e-02,1.006327480385383222e+00
1.295969999999999900e-01,8.832646229888202472e-02,4.066979999999999879e-04,8.929942926487971500e-02,1.011015577219716244e+00
1.323960000000000137e-01,8.751246229888201555e-02,4.047289999999999937e-04,8.730914706651181356e-02,9.976767282392784431e-01
1.353739999999999943e-01,8.497146229888202784e-02,3.877980000000000164e-04,8.528889355190205634e-02,1.003735739558105688e+00
1.382919999999999983e-01,8.320946229888201429e-02,3.845690000000000241e-04,8.340121431501462679e-02,1.002304449648332652e+00
1.413590000000000124e-01,8.170046229888200395e-02,3.592280000000000104e-04,8.150829228012985983e-02,9.976478710971165009e-01
1.445720000000000061e-01,8.014446229888202988e-02,3.620979999999999880e-04,7.962209580833586042e-02,9.934821885934163044e-01
1.476560000000000095e-01,7.765146229888200691e-02,3.374900000000000230e-04,7.790024546801266325e-02,1.003203843968489384e+00
1.510579999999999978e-01,7.617446229888202858e-02,3.367029999999999914e-04,7.609542406835732853e-02,9.989624051402610228e-01
1.541800000000000115e-01,7.515346229888200669e-02,3.378550000000000238e-04,7.452311445858168792e-02,9.916125242800730710e-01
1.575870000000000049e-01,7.322246229888201841e-02,3.082000000000000104e-04,7.289083409921445766e-02,9.954709499072305068e-01
1.611029999999999962e-01,7.170746229888202983e-02,3.152809999999999922e-04,7.129082363978342385e-02,9.941897447526168996e-01
1.643920000000000103e-01,6.987046229888202453e-02,3.029579999999999817e-04,6.986496422470125922e-02,9.999213104651112349e-01
1.680419999999999969e-01,6.839046229888201545e-02,2.873099999999999851e-04,6.835812072647169668e-02,9.995271040533549867e-01
1.716530000000000000e-01,6.720646229888202483e-02,2.917540000000000259e-04,6.693750411425623825e-02,9.959980309121216902e-01
1.751520000000000021e-01,6.560196229888201613e-02,2.770480000000000078e-04,6.562072273535174416e-02,1.000285973708900045e+00
1.790569999999999939e-01,6.463226229888202612e-02,2.643920000000000124e-04,6.421404568470943930e-02,9.935292901826859868e-01
1.829610000000000125e-01,6.309536229888201841e-02,2.621550000000000269e-04,6.286995830815779451e-02,9.964275664246685649e-01
1.867040000000000088e-01,6.172386229888201375e-02,2.597370000000000104e-04,6.163489470931007158e-02,9.985586192072501976e-01
1.907369999999999899e-01,6.049516229888201452e-02,2.442629999999999888e-04,6.035777519620826037e-02,9.977289572016522223e-01
1.948640000000000094e-01,5.911086229888202342e-02,2.417189999999999942e-04,5.910382672647799401e-02,9.998809766575819102e-01
1.988890000000000102e-01,5.769236229888202033e-02,2.401890000000000004e-04,5.792920326515993423e-02,1.004105239529817339e+00
2.030629999999999935e-01,5.672876229888201144e-02,2.248920000000000010e-04,5.675630860328859106e-02,1.000485579154035687e+00
2.074950000000000128e-01,5.573376229888201555e-02,2.216829999999999983e-04,5.555781103283920913e-02,9.968430039748754634e-01
2.119199999999999973e-01,5.416786229888202048e-02,2.165629999999999931e-04,5.440869433470012229e-02,1.004446031753833291e+00
2.163509999999999878e-01,5.364566229888202004e-02,2.138049999999999901e-04,5.330446457545656019e-02,9.936397891496892010e-01
2.206950000000000023e-01,5.254896229888201403e-02,2.120040000000000119e-04,5.226367859830298446e-02,9.945710878369695696e-01
2.252629999999999910e-01,5.130206229888201880e-02,1.984780000000000062e-04,5.120954830680029407e-02,9.981966808362839894e-01
2.300850000000000117e-01,5.013576229888202368e-02,1.943310000000000068e-04,5.013872881245411139e-02,1.000059169611392518e+00
2.349580000000000002e-01,4.934396229888201452e-02,1.899600000000000041e-04,4.909895516408143562e-02,9.950347089413585921e-01
2.398889999999999911e-01,4.807776229888201941e-02,1.858619999999999901e-04,4.808941708592656683e-02,1.000242415338968849e+00
2.448819999999999886e-01,4.711356229888202102e-02,1.816909999999999923e-04,4.710822854389883768e-02,9.998867893930553086e-01
2.499969999999999970e-01,4.598126229888201827e-02,1.749049999999999932e-04,4.614324319192408819e-02,1.003522758727004582e+00
2.552090000000000192e-01,4.503736229888202075e-02,1.723309999999999870e-04,4.519937171764404349e-02,1.003597222627890195e+00
2.604929999999999746e-01,4.422836229888201659e-02,1.671350000000000049e-04,4.428048881331876629e-02,1.001178576635609829e+00
2.658800000000000052e-01,4.347516229888202105e-02,1.639199999999999891e-04,4.338132688352781124e-02,9.978416316261429220e-01
2.713860000000000161e-01,4.242906229888201292e-02,1.585729999999999876e-04,4.249911312914003009e-02,1.001651010568288314e+00
2.770230000000000192e-01,4.129936229888201554e-02,1.550649999999999934e-04,4.163209876426923750e-02,1.008056697412885505e+00
2.827560000000000073e-01,4.069066229888201186e-02,1.512359999999999865e-04,4.078571113946665577e-02,1.002335888265629249e+00
2.886190000000000144e-01,3.987186229888201733e-02,1.473760000000000066e-04,3.995491044398932073e-02,1.002082876001245459e+00
2.945789999999999798e-01,3.883926229888202269e-02,1.451310000000000035e-04,3.914407059290639368e-02,1.007847942416587594e+00
3.006610000000000116e-01,3.831406229888201925e-02,1.399449999999999891e-04,3.834989338085006971e-02,1.000935194020632357e+00
3.068739999999999801e-01,3.747316229888201372e-02,1.386849999999999910e-04,3.757127160592314830e-02,1.002618121904381265e+00
3.131820000000000159e-01,3.662076229888201057e-02,1.373339999999999967e-04,3.681272016208401998e-02,1.005241776826908628e+00
3.195520000000000027e-01,3.594216229888202302e-02,1.369649999999999871e-04,3.607743440502423488e-02,1.003763605122511393e+00
3.260560000000000125e-01,3.523836229888201860e-02,1.341670000000000048e-04,3.535612995511365486e-02,1.003342029780861067e+00
3.328340000000000187e-01,3.447436229888201781e-02,1.327230000000000098e-04,3.463406150094035241e-02,1.004632404819378211e+00
3.397479999999999944e-01,3.362096229888201365e-02,1.322410000000000100e-04,3.392709856136047475e-02,1.009105517556487142e+00
3.467410000000000214e-01,3.341606229888201968e-02,1.330050000000000047e-04,3.324075797336895760e-02,9.947538903912407360e-01
3.537890000000000201e-01,3.230676229888201217e-02,1.323250000000000045e-04,3.257684929141994173e-02,1.008360076136359806e+00
3.610849999999999893e-01,3.169066229888201774e-02,1.288080000000000041e-04,3.191687176962970662e-02,1.007138048066470004e+00
3.685069999999999735e-01,3.127026229888201642e-02,1.296480000000000028e-04,3.127220227983226047e-02,1.000062039164612671e+00
3.759790000000000076e-01,3.075586229888201822e-02,1.292959999999999899e-04,3.064872672739505852e-02,9.965165804669747773e-01
3.837220000000000075e-01,3.017186229888201704e-02,1.252319999999999963e-04,3.002807708560934277e-02,9.952344601122615764e-01
3.915930000000000244e-01,2.968406229888202047e-02,1.263579999999999987e-04,2.942217944879110467e-02,9.911776613505901556e-01
3.996069999999999900e-01,2.936296229888201575e-02,1.247789999999999924e-04,2.882980356418341286e-02,9.818424745680750521e-01
