Q,I,err,dQ
2.648649999999999789e-03,-1.650070000000000009e-02,1.701499999999999957e-01,7.392819999999999600e-04
3.132289999999999814e-03,2.357630000000000003e-01,8.454369999999999941e-02,7.464299999999999668e-04
3.545420000000000082e-03,1.571950000000000014e-01,4.293849999999999750e-02,7.522860000000000137e-04
4.010689999999999915e-03,3.362169999999999742e-02,2.937909999999999827e-02,7.566629999999999754e-04
4.469680000000000181e-03,1.026920000000000055e-01,2.239129999999999940e-02,7.613610000000000039e-04
4.885330000000000228e-03,9.550190000000000068e-02,2.074070000000000080e-02,7.611430000000000409e-04
5.307430000000000134e-03,7.921540000000000525e-02,1.551770000000000059e-02,7.711149999999999515e-04
5.743400000000000068e-03,9.849670000000000647e-02,1.416360000000000015e-02,7.739819999999999903e-04
6.196430000000000167e-03,7.727920000000000622e-02,1.104519999999999981e-02,7.860070000000000251e-04
6.692029999999999854e-03,9.733500000000000485e-02,1.007869999999999946e-02,7.907289999999999978e-04
7.194609999999999721e-03,9.431489999999999319e-02,8.810880000000000101e-03,8.015910000000000439e-04
7.696689999999999955e-03,8.368799999999999850e-02,8.342950000000000019e-03,8.070319999999999534e-04
8.181690000000000143e-03,8.446120000000000017e-02,7.842599999999999918e-03,8.159719999999999864e-04
8.681049999999999184e-03,8.785519999999999441e-02,6.376599999999999629e-03,8.278779999999999906e-04
9.174029999999999685e-03,8.728020000000000223e-02,6.697599999999999734e-03,8.349870000000000339e-04
9.619060000000000457e-03,8.500099999999999323e-02,7.149240000000000282e-03,8.418300000000000088e-04
1.009780000000000053e-02,9.603470000000000062e-02,6.146190000000000160e-03,8.568869999999999699e-04
1.057650000000000083e-02,8.381550000000000111e-02,6.273899999999999789e-03,8.625730000000000506e-04
1.101189999999999981e-02,7.498670000000000335e-02,5.956659999999999906e-03,8.724299999999999937e-04
1.147489999999999968e-02,8.668209999999999804e-02,5.385270000000000161e-03,8.857220000000000284e-04
1.194339999999999985e-02,8.424760000000000582e-02,5.476879999999999943e-03,8.968410000000000010e-04
1.240489999999999995e-02,8.825560000000000349e-02,4.901660000000000392e-03,9.083270000000000059e-04
1.290589999999999966e-02,7.630800000000000083e-02,5.047910000000000071e-03,9.237130000000000514e-04
1.342280000000000036e-02,8.968779999999999808e-02,4.739120000000000311e-03,9.368850000000000398e-04
1.394899999999999959e-02,8.378889999999999949e-02,4.256310000000000128e-03,9.508989999999999500e-04
1.445719999999999991e-02,8.905290000000000428e-02,4.902209999999999727e-03,9.625130000000000187e-04
1.495349999999999978e-02,8.611050000000000648e-02,4.497959999999999632e-03,9.785379999999999339e-04
1.546950000000000061e-02,8.994059999999999555e-02,4.338790000000000355e-03,9.932990000000000048e-04
1.597569999999999893e-02,8.363639999999999963e-02,4.349020000000000316e-03,1.007880000000000061e-03
1.647540000000000115e-02,8.880280000000000118e-02,4.175129999999999987e-03,1.020260000000000047e-03
1.698289999999999869e-02,8.786289999999999378e-02,4.157949999999999667e-03,1.037600000000000067e-03
1.753909999999999844e-02,8.883000000000000618e-02,3.756030000000000046e-03,1.056749999999999964e-03
1.809300000000000144e-02,8.415540000000000520e-02,4.087590000000000320e-03,1.071590000000000086e-03
1.865669999999999829e-02,8.931129999999999625e-02,3.507549999999999904e-03,1.091479999999999924e-03
1.923269999999999841e-02,8.355350000000000277e-02,3.649289999999999912e-03,1.107230000000000063e-03
1.977539999999999853e-02,8.071979999999999433e-02,3.551970000000000214e-03,1.124830000000000057e-03
2.032159999999999869e-02,8.511430000000000384e-02,3.792100000000000071e-03,1.142549999999999989e-03
2.089289999999999897e-02,8.726559999999999873e-02,3.580579999999999874e-03,1.163350000000000061e-03
2.151660000000000031e-02,8.854309999999999958e-02,3.089839999999999948e-03,1.186509999999999995e-03
2.216399999999999967e-02,8.550750000000000017e-02,3.161059999999999825e-03,1.208319999999999924e-03
2.279279999999999848e-02,8.880169999999999730e-02,2.973790000000000027e-03,1.229419999999999949e-03
2.343780000000000169e-02,8.784459999999999491e-02,2.940910000000000139e-03,1.253970000000000085e-03
2.408120000000000052e-02,8.770749999999999380e-02,3.092740000000000072e-03,1.273870000000000080e-03
2.472689999999999957e-02,9.028160000000000351e-02,2.882860000000000110e-03,1.298679999999999973e-03
2.539009999999999878e-02,8.597280000000000200e-02,2.936080000000000200e-03,1.319529999999999965e-03
2.605129999999999946e-02,8.958399999999999697e-02,2.857989999999999923e-03,1.345440000000000047e-03
2.673139999999999891e-02,9.193189999999999695e-02,2.748669999999999933e-03,1.369889999999999910e-03
2.743630000000000027e-02,8.950890000000000235e-02,2.609719999999999835e-03,1.396389999999999958e-03
2.813519999999999910e-02,9.248910000000000464e-02,2.683239999999999931e-03,1.420400000000000048e-03
2.884029999999999927e-02,8.670170000000000654e-02,2.713290000000000146e-03,1.449669999999999908e-03
2.958809999999999912e-02,9.109399999999999442e-02,2.688380000000000197e-03,1.478359999999999961e-03
3.031450000000000117e-02,8.972220000000000195e-02,3.020280000000000187e-03,1.502410000000000030e-03
3.102509999999999990e-02,9.115979999999999916e-02,3.106610000000000101e-03,1.529860000000000074e-03
3.176570000000000088e-02,9.218500000000000305e-02,3.333159999999999942e-03,1.558609999999999987e-03
3.252739999999999798e-02,9.286450000000000260e-02,3.602520000000000115e-03,1.588320000000000053e-03
3.329619999999999802e-02,8.974219999999999420e-02,3.868480000000000096e-03,1.618510000000000087e-03
3.408619999999999706e-02,9.139730000000000076e-02,3.935789999999999775e-03,1.649700000000000038e-03
3.488949999999999690e-02,9.402670000000000472e-02,4.482350000000000396e-03,1.681540000000000031e-03
3.569599999999999856e-02,9.105349999999999555e-02,4.693479999999999874e-03,1.710680000000000013e-03
3.651349999999999735e-02,9.213929999999999343e-02,5.077090000000000249e-03,1.744960000000000044e-03
3.736010000000000025e-02,9.562189999999999579e-02,5.838529999999999762e-03,1.775810000000000062e-03
3.822740000000000166e-02,1.033179999999999932e-01,5.708869999999999570e-03,1.810699999999999940e-03
3.909989999999999993e-02,1.028099999999999986e-01,6.088599999999999568e-03,1.847429999999999949e-03
3.994450000000000084e-02,1.080070000000000058e-01,9.370379999999999335e-03,1.883509999999999915e-03
4.079289999999999999e-02,1.098969999999999947e-01,1.122100000000000007e-02,1.920290000000000061e-03
4.163089999999999846e-02,1.114099999999999951e-01,2.039699999999999847e-02,2.025530000000000212e-03
4.293860000000000038e-02,1.011679999999999940e-01,2.899930000000000216e-03,2.396360000000000157e-03
4.477369999999999961e-02,1.010459999999999969e-01,1.792549999999999959e-03,2.461849999999999802e-03
4.590509999999999730e-02,1.010780000000000012e-01,2.073259999999999947e-03,2.499980000000000171e-03
4.744759999999999950e-02,1.031190000000000023e-01,2.098660000000000022e-03,2.548729999999999919e-03
4.924819999999999892e-02,1.036910000000000054e-01,2.099029999999999993e-03,2.609450000000000137e-03
5.060590000000000227e-02,1.091130000000000017e-01,1.437270000000000041e-03,2.661989999999999929e-03
5.237420000000000270e-02,1.124560000000000004e-01,1.905889999999999928e-03,2.728819999999999857e-03
5.402420000000000139e-02,1.172900000000000054e-01,2.032509999999999959e-03,2.794580000000000067e-03
5.568209999999999826e-02,1.184849999999999931e-01,1.297959999999999912e-03,2.860339999999999844e-03
5.755299999999999999e-02,1.239679999999999949e-01,1.650800000000000010e-03,2.915179999999999855e-03
5.916840000000000294e-02,1.249659999999999938e-01,2.064390000000000149e-03,2.977839999999999827e-03
6.069739999999999858e-02,1.303269999999999984e-01,1.318759999999999984e-03,3.036050000000000207e-03
6.236309999999999770e-02,1.319490000000000107e-01,1.566319999999999952e-03,3.100460000000000195e-03
6.419539999999999969e-02,1.426189999999999958e-01,1.627289999999999986e-03,3.172719999999999967e-03
6.603190000000000448e-02,1.419259999999999966e-01,1.302549999999999975e-03,3.260330000000000086e-03
6.777679999999999816e-02,1.495259999999999923e-01,1.493820000000000087e-03,3.321390000000000019e-03
6.961680000000000645e-02,1.528220000000000134e-01,1.619980000000000031e-03,3.393189999999999922e-03
7.146199999999999775e-02,1.587520000000000042e-01,1.224019999999999926e-03,3.464909999999999865e-03
7.336149999999999616e-02,1.629549999999999887e-01,1.454089999999999896e-03,3.539200000000000158e-03
7.549000000000000155e-02,1.662980000000000014e-01,1.359490000000000091e-03,3.640019999999999888e-03
7.736220000000000596e-02,1.712239999999999873e-01,1.190899999999999945e-03,3.712739999999999964e-03
7.953419999999999934e-02,1.734009999999999996e-01,1.387510000000000002e-03,3.799649999999999903e-03
8.159660000000000524e-02,1.784620000000000095e-01,1.257880000000000066e-03,3.890030000000000050e-03
8.339159999999999628e-02,1.786919999999999897e-01,1.261359999999999999e-03,3.958729999999999714e-03
8.556900000000000617e-02,1.790160000000000085e-01,1.288840000000000081e-03,4.045820000000000319e-03
8.768560000000000243e-02,1.779080000000000106e-01,1.071129999999999999e-03,4.145939999999999868e-03
8.996289999999999842e-02,1.786030000000000117e-01,1.220729999999999949e-03,4.237829999999999722e-03
9.224999999999999867e-02,1.756220000000000003e-01,1.093730000000000006e-03,4.346410000000000204e-03
9.428000000000000269e-02,1.732360000000000011e-01,1.108440000000000033e-03,4.426570000000000331e-03
9.673980000000000079e-02,1.699890000000000012e-01,1.067060000000000100e-03,4.527620000000000429e-03
9.884790000000000243e-02,1.659750000000000114e-01,9.853929999999999894e-04,4.627949999999999599e-03
1.013130000000000003e-01,1.639770000000000116e-01,1.032680000000000013e-03,4.729760000000000388e-03
1.036720000000000003e-01,1.608600000000000030e-01,9.053499999999999699e-04,4.842619999999999737e-03
1.061710000000000015e-01,1.559339999999999893e-01,9.439249999999999724e-04,4.946489999999999568e-03
1.087660000000000016e-01,1.510219999999999896e-01,8.322320000000000238e-04,5.071209999999999607e-03
1.112009999999999943e-01,1.476810000000000067e-01,9.104039999999999659e-04,5.179529999999999898e-03
1.138099999999999945e-01,1.438409999999999966e-01,7.992500000000000472e-04,5.289519999999999812e-03
1.163430000000000020e-01,1.388369999999999882e-01,8.017700000000000434e-04,5.412219999999999705e-03
1.190770000000000023e-01,1.359660000000000035e-01,7.741539999999999880e-04,5.529349999999999717e-03
1.215679999999999955e-01,1.330260000000000054e-01,7.634760000000000201e-04,5.650960000000000011e-03
1.245050000000000046e-01,1.298559999999999992e-01,6.821260000000000214e-04,5.794960000000000042e-03
1.272749999999999992e-01,1.253330000000000000e-01,7.119179999999999692e-04,5.915300000000000072e-03
1.302089999999999914e-01,1.228230000000000016e-01,6.454959999999999604e-04,6.060079999999999807e-03
1.330320000000000114e-01,1.204579999999999956e-01,6.792509999999999650e-04,6.184699999999999573e-03
1.359930000000000028e-01,1.168659999999999977e-01,6.025409999999999490e-04,6.332339999999999670e-03
1.390220000000000067e-01,1.148610000000000048e-01,6.392929999999999793e-04,6.483830000000000322e-03
1.420170000000000043e-01,1.127419999999999950e-01,5.658669999999999542e-04,6.618849999999999907e-03
1.453619999999999912e-01,1.115590000000000054e-01,5.762659999999999744e-04,6.787559999999999774e-03
1.483619999999999939e-01,1.093979999999999952e-01,5.679870000000000491e-04,6.940080000000000381e-03
1.517459999999999920e-01,1.071899999999999936e-01,5.234410000000000321e-04,7.098219999999999703e-03
1.549899999999999889e-01,1.059279999999999944e-01,5.435989999999999702e-04,7.264829999999999899e-03
1.583440000000000125e-01,1.048729999999999940e-01,5.016639999999999728e-04,7.438039999999999929e-03
1.619339999999999946e-01,1.032829999999999998e-01,4.901820000000000309e-04,7.625100000000000107e-03
1.652569999999999872e-01,1.003840000000000010e-01,5.044500000000000373e-04,7.785130000000000348e-03
1.688639999999999863e-01,9.990559999999999719e-02,4.525630000000000104e-04,7.975650000000000794e-03
1.725949999999999984e-01,9.780610000000000692e-02,4.649710000000000041e-04,8.173619999999999497e-03
1.761530000000000040e-01,9.722980000000000511e-02,4.417119999999999749e-04,8.350049999999999487e-03
1.800489999999999868e-01,9.608909999999999674e-02,4.272950000000000077e-04,8.559390000000000054e-03
1.839709999999999956e-01,9.391860000000000486e-02,4.192019999999999753e-04,8.772040000000000046e-03
1.877369999999999872e-01,9.324520000000000031e-02,4.214819999999999873e-04,8.978079999999999394e-03
1.917349999999999888e-01,9.206759999999999944e-02,3.886049999999999834e-04,9.182970000000000368e-03
1.959200000000000108e-01,9.038580000000000225e-02,3.874039999999999927e-04,9.413790000000000005e-03
2.000939999999999941e-01,8.979080000000000394e-02,3.765460000000000096e-04,9.648959999999999829e-03
2.041800000000000004e-01,8.820959999999999912e-02,3.767469999999999760e-04,9.882010000000000099e-03
2.084820000000000007e-01,8.716089999999999949e-02,3.512920000000000105e-04,1.011669999999999930e-02
2.130080000000000029e-01,8.556600000000000317e-02,3.454950000000000252e-04,1.036650000000000071e-02
2.175040000000000029e-01,8.551250000000000517e-02,3.424669999999999993e-04,1.062669999999999934e-02
2.220409999999999884e-01,8.363310000000000188e-02,3.291529999999999977e-04,1.089140000000000073e-02
2.265989999999999949e-01,8.312410000000000632e-02,3.286030000000000114e-04,1.116059999999999969e-02
2.313560000000000061e-01,8.178290000000000559e-02,3.083879999999999890e-04,1.144520000000000086e-02
2.362869999999999970e-01,8.079550000000000620e-02,3.042729999999999784e-04,1.173309999999999978e-02
2.412549999999999972e-01,7.997419999999999529e-02,2.967479999999999988e-04,1.203899999999999935e-02
2.462709999999999899e-01,7.903419999999999890e-02,2.906790000000000133e-04,1.235020000000000041e-02
2.514049999999999896e-01,7.737059999999999771e-02,2.804150000000000045e-04,1.266759999999999935e-02
2.566479999999999873e-01,7.700799999999999312e-02,2.755289999999999974e-04,1.299029999999999976e-02
2.620020000000000127e-01,7.567559999999999565e-02,2.665510000000000167e-04,1.331579999999999916e-02
2.674509999999999943e-01,7.490910000000000624e-02,2.628759999999999951e-04,1.366440000000000016e-02
2.729619999999999824e-01,7.391929999999999334e-02,2.556670000000000036e-04,1.402199999999999974e-02
2.786370000000000235e-01,7.310800000000000631e-02,2.461949999999999967e-04,1.439610000000000022e-02
2.843769999999999909e-01,7.218529999999999391e-02,2.449239999999999881e-04,1.477889999999999933e-02
2.902540000000000120e-01,7.127260000000000539e-02,2.329300000000000077e-04,1.517459999999999989e-02
2.962989999999999791e-01,7.092719999999999581e-02,2.313749999999999997e-04,1.558430000000000058e-02
3.023609999999999909e-01,7.005999999999999728e-02,2.254199999999999932e-04,1.600899999999999893e-02
3.085769999999999902e-01,6.886440000000000616e-02,2.215569999999999931e-04,1.644469999999999960e-02
3.148989999999999845e-01,6.829609999999999848e-02,2.216080000000000101e-04,1.688600000000000170e-02
3.212869999999999893e-01,6.743109999999999382e-02,2.178059999999999946e-04,1.733820000000000153e-02
3.279349999999999765e-01,6.691370000000000651e-02,2.110269999999999974e-04,1.781800000000000050e-02
3.347849999999999993e-01,6.606800000000000173e-02,2.133399999999999869e-04,1.832249999999999851e-02
3.416950000000000265e-01,6.536029999999999618e-02,2.124659999999999949e-04,1.883699999999999958e-02
3.486690000000000067e-01,6.465089999999999726e-02,2.151940000000000135e-04,1.935759999999999911e-02
3.557460000000000067e-01,6.407569999999999932e-02,2.108559999999999883e-04,1.990070000000000033e-02
3.630780000000000118e-01,6.342989999999999740e-02,2.055140000000000113e-04,2.047409999999999855e-02
3.705390000000000073e-01,6.284149999999999459e-02,2.089439999999999971e-04,2.106950000000000142e-02
3.781089999999999729e-01,6.236830000000000152e-02,2.048630000000000069e-04,2.167410000000000170e-02
3.858880000000000088e-01,6.178659999999999708e-02,2.005250000000000088e-04,2.229089999999999891e-02
3.937990000000000101e-01,6.135449999999999932e-02,2.028069999999999981e-04,2.293639999999999915e-02
4.018900000000000250e-01,6.114479999999999915e-02,1.967480000000000075e-04,2.361860000000000001e-02
4.100790000000000268e-01,6.053370000000000278e-02,2.003340000000000101e-04,2.432399999999999840e-02
4.184660000000000046e-01,5.995779999999999860e-02,1.927230000000000045e-04,2.504349999999999979e-02
4.270129999999999759e-01,5.937189999999999829e-02,1.952710000000000079e-04,2.577520000000000158e-02
4.357739999999999947e-01,5.909819999999999657e-02,1.889679999999999973e-04,2.652900000000000050e-02
4.446760000000000157e-01,5.850339999999999707e-02,1.911860000000000089e-04,2.730870000000000172e-02
4.536589999999999789e-01,5.798770000000000313e-02,1.854570000000000101e-04,2.811019999999999838e-02
4.630420000000000091e-01,5.781669999999999865e-02,1.839020000000000021e-04,2.896369999999999847e-02
4.724679999999999991e-01,5.728860000000000202e-02,1.836750000000000058e-04,2.983830000000000163e-02
4.819249999999999923e-01,5.719939999999999747e-02,1.823910000000000093e-04,3.073379999999999862e-02
4.917750000000000177e-01,5.697150000000000131e-02,1.772199999999999871e-04,3.168640000000000345e-02
5.019280000000000408e-01,5.674939999999999846e-02,1.766840000000000045e-04,3.268370000000000303e-02
5.121909999999999519e-01,5.612869999999999665e-02,1.756820000000000029e-04,3.364749999999999686e-02
5.226330000000000142e-01,5.614349999999999896e-02,1.737470000000000019e-04,3.464470000000000049e-02
5.332829999999999515e-01,5.569349999999999995e-02,1.726429999999999935e-04,3.568260000000000182e-02
5.441059999999999786e-01,5.531980000000000230e-02,1.711600000000000079e-04,3.675559999999999938e-02
5.551530000000000076e-01,5.512009999999999826e-02,1.690060000000000011e-04,3.787009999999999682e-02
5.660770000000000524e-01,5.498510000000000203e-02,1.770479999999999895e-04,3.898440000000000238e-02
5.776080000000000103e-01,5.508930000000000077e-02,2.104719999999999866e-04,4.014659999999999757e-02
5.893659999999999455e-01,5.447590000000000071e-02,2.429569999999999983e-04,4.136089999999999905e-02
6.012830000000000119e-01,5.489349999999999785e-02,2.853679999999999824e-04,4.266419999999999935e-02
6.133330000000000171e-01,5.480109999999999842e-02,3.505100000000000034e-04,4.400980000000000170e-02
6.252550000000000052e-01,5.556219999999999909e-02,5.018480000000000510e-04,4.533840000000000092e-02
6.361620000000000053e-01,5.486509999999999998e-02,1.119949999999999982e-03,4.652660000000000129e-02
