Q,I,err,count
2.648649999999999789e-03,-4.796441269599258789e-02,1.701499999999999957e-01,1.000000000000000000e+00
3.132289999999999814e-03,2.042992873040074264e-01,8.454369999999999941e-02,1.000000000000000000e+00
3.545420000000000082e-03,1.257312873040073997e-01,4.293849999999999750e-02,1.000000000000000000e+00
4.010689999999999915e-03,2.157987304007409624e-03,2.937909999999999827e-02,1.000000000000000000e+00
4.469680000000000181e-03,7.122828730400741770e-02,2.239129999999999940e-02,1.000000000000000000e+00
4.885330000000000228e-03,6.403818730400741288e-02,2.074070000000000080e-02,1.000000000000000000e+00
5.307430000000000134e-03,4.775168730400741746e-02,1.551770000000000059e-02,1.000000000000000000e+00
5.743400000000000068e-03,6.703298730400741867e-02,1.416360000000000015e-02,1.000000000000000000e+00
6.196430000000000167e-03,4.581548730400741842e-02,1.104519999999999981e-02,1.000000000000000000e+00
6.692029999999999854e-03,6.587128730400741705e-02,1.007869999999999946e-02,1.000000000000000000e+00
7.194609999999999721e-03,6.285118730400740539e-02,8.810880000000000101e-03,1.000000000000000000e+00
7.696689999999999955e-03,5.222428730400741070e-02,8.342950000000000019e-03,1.000000000000000000e+00
8.181690000000000143e-03,5.299748730400741237e-02,7.842599999999999918e-03,1.000000000000000000e+00
8.681049999999999184e-03,5.639148730400740661e-02,6.376599999999999629e-03,1.000000000000000000e+00
9.174029999999999685e-03,5.581648730400741443e-02,6.697599999999999734e-03,1.000000000000000000e+00
9.619060000000000457e-03,5.353728730400740543e-02,7.149240000000000282e-03,1.000000000000000000e+00
1.009780000000000053e-02,6.457098730400741282e-02,6.146190000000000160e-03,1.000000000000000000e+00
1.057650000000000083e-02,5.235178730400741332e-02,6.273899999999999789e-03,1.000000000000000000e+00
1.101189999999999981e-02,4.352298730400741555e-02,5.956659999999999906e-03,1.000000000000000000e+00
1.147489999999999968e-02,5.521838730400741024e-02,5.385270000000000161e-03,1.000000000000000000e+00
1.194339999999999985e-02,5.278388730400741802e-02,5.476879999999999943e-03,1.000000000000000000e+00
1.240489999999999995e-02,5.679188730400741569e-02,4.901660000000000392e-03,1.000000000000000000e+00
1.290589999999999966e-02,4.484428730400741303e-02,5.047910000000000071e-03,1.000000000000000000e+00
1.342280000000000036e-02,5.822408730400741028e-02,4.739120000000000311e-03,1.000000000000000000e+00
1.394899999999999959e-02,5.232518730400741169e-02,4.256310000000000128e-03,1.000000000000000000e+00
1.445719999999999991e-02,5.758918730400741648e-02,4.902209999999999727e-03,1.000000000000000000e+00
1.495349999999999978e-02,5.464678730400741868e-02,4.497959999999999632e-03,1.000000000000000000e+00
1.546950000000000061e-02,5.847688730400740775e-02,4.338790000000000355e-03,1.000000000000000000e+00
1.597569999999999893e-02,5.217268730400741183e-02,4.349020000000000316e-03,1.000000000000000000e+00
1.647540000000000115e-02,5.733908730400741338e-02,4.175129999999999987e-03,1.000000000000000000e+00
1.698289999999999869e-02,5.639918730400740599e-02,4.157949999999999667e-03,1.000000000000000000e+00
1.753909999999999844e-02,5.736628730400741838e-02,3.756030000000000046e-03,1.000000000000000000e+00
1.809300000000000144e-02,5.269168730400741740e-02,4.087590000000000320e-03,1.000000000000000000e+00
1.865669999999999829e-02,5.784758730400740845e-02,3.507549999999999904e-03,1.000000000000000000e+00
1.923269999999999841e-02,5.208978730400741497e-02,3.649289999999999912e-03,1.000000000000000000e+00
1.977539999999999853e-02,4.925608730400740654e-02,3.551970000000000214e-03,1.000000000000000000e+00
2.032159999999999869e-02,5.365058730400741605e-02,3.792100000000000071e-03,1.000000000000000000e+00
2.089289999999999897e-02,5.580188730400741093e-02,3.580579999999999874e-03,1.000000000000000000e+00
2.151660000000000031e-02,5.707938730400741179e-02,3.089839999999999948e-03,1.000000000000000000e+00
2.216399999999999967e-02,5.404378730400741238e-02,3.161059999999999825e-03,1.000000000000000000e+00
2.279279999999999848e-02,5.733798730400740951e-02,2.973790000000000027e-03,1.000000000000000000e+00
2.343780000000000169e-02,5.638088730400740711e-02,2.940910000000000139e-03,1.000000000000000000e+00
2.408120000000000052e-02,5.624378730400740600e-02,3.092740000000000072e-03,1.000000000000000000e+00
2.472689999999999957e-02,5.881788730400741572e-02,2.882860000000000110e-03,1.000000000000000000e+00
2.539009999999999878e-02,5.450908730400741420e-02,2.936080000000000200e-03,1.000000000000000000e+00
2.605129999999999946e-02,5.812028730400740917e-02,2.857989999999999923e-03,1.000000000000000000e+00
2.673139999999999891e-02,6.046818730400740916e-02,2.748669999999999933e-03,1.000000000000000000e+00
2.743630000000000027e-02,5.804518730400741455e-02,2.609719999999999835e-03,1.000000000000000000e+00
2.813519999999999910e-02,6.102538730400741684e-02,2.683239999999999931e-03,1.000000000000000000e+00
2.884029999999999927e-02,5.523798730400741874e-02,2.713290000000000146e-03,1.000000000000000000e+00
2.958809999999999912e-02,5.963028730400740662e-02,2.688380000000000197e-03,1.000000000000000000e+00
3.031450000000000117e-02,5.825848730400741415e-02,3.020280000000000187e-03,1.000000000000000000e+00
3.102509999999999990e-02,5.969608730400741137e-02,3.106610000000000101e-03,1.000000000000000000e+00
3.176570000000000088e-02,6.072128730400741525e-02,3.333159999999999942e-03,1.000000000000000000e+00
3.252739999999999798e-02,6.140078730400741480e-02,3.602520000000000115e-03,1.000000000000000000e+00
3.329619999999999802e-02,5.827848730400740640e-02,3.868480000000000096e-03,1.000000000000000000e+00
3.408619999999999706e-02,5.993358730400741297e-02,3.935789999999999775e-03,1.000000000000000000e+00
3.488949999999999690e-02,6.256298730400741692e-02,4.482350000000000396e-03,1.000000000000000000e+00
3.569599999999999856e-02,5.958978730400740775e-02,4.693479999999999874e-03,1.000000000000000000e+00
3.651349999999999735e-02,6.067558730400740563e-02,5.077090000000000249e-03,1.000000000000000000e+00
3.736010000000000025e-02,6.415818730400740799e-02,5.838529999999999762e-03,1.000000000000000000e+00
3.822740000000000166e-02,7.185428730400740538e-02,5.708869999999999570e-03,1.000000000000000000e+00
3.909989999999999993e-02,7.134628730400741081e-02,6.088599999999999568e-03,1.000000000000000000e+00
3.994450000000000084e-02,7.654328730400741798e-02,9.370379999999999335e-03,1.000000000000000000e+00
4.079289999999999999e-02,7.843328730400740689e-02,1.122100000000000007e-02,1.000000000000000000e+00
4.163089999999999846e-02,7.994628730400740735e-02,2.039699999999999847e-02,1.000000000000000000e+00
4.293860000000000038e-02,6.970428730400740625e-02,2.899930000000000216e-03,1.000000000000000000e+00
4.477369999999999961e-02,6.958228730400740913e-02,1.792549999999999959e-03,1.000000000000000000e+00
4.590509999999999730e-02,6.961428730400741338e-02,2.073259999999999947e-03,1.000000000000000000e+00
4.744759999999999950e-02,7.165528730400741453e-02,2.098660000000000022e-03,1.000000000000000000e+00
4.924819999999999892e-02,7.222728730400741759e-02,2.099029999999999993e-03,1.000000000000000000e+00
5.060590000000000227e-02,7.764928730400741386e-02,1.437270000000000041e-03,1.000000000000000000e+00
5.237420000000000270e-02,8.099228730400741261e-02,1.905889999999999928e-03,1.000000000000000000e+00
5.402420000000000139e-02,8.582628730400741757e-02,2.032509999999999959e-03,1.000000000000000000e+00
5.568209999999999826e-02,8.702128730400740531e-02,1.297959999999999912e-03,1.000000000000000000e+00
5.755299999999999999e-02,9.250428730400740707e-02,1.650800000000000010e-03,1.000000000000000000e+00
5.916840000000000294e-02,9.350228730400740595e-02,2.064390000000000149e-03,1.000000000000000000e+00
6.069739999999999858e-02,9.886328730400741061e-02,1.318759999999999984e-03,1.000000000000000000e+00
6.236309999999999770e-02,1.004852873040074229e-01,1.566319999999999952e-03,1.000000000000000000e+00
6.419539999999999969e-02,1.111552873040074080e-01,1.627289999999999986e-03,1.000000000000000000e+00
6.603190000000000448e-02,1.104622873040074088e-01,1.302549999999999975e-03,1.000000000000000000e+00
6.777679999999999816e-02,1.180622873040074045e-01,1.493820000000000087e-03,1.000000000000000000e+00
6.961680000000000645e-02,1.213582873040074256e-01,1.619980000000000031e-03,1.000000000000000000e+00
7.146199999999999775e-02,1.272882873040074303e-01,1.224019999999999926e-03,1.000000000000000000e+00
7.336149999999999616e-02,1.314912873040073871e-01,1.454089999999999896e-03,1.000000000000000000e+00
7.549000000000000155e-02,1.348342873040074275e-01,1.359490000000000091e-03,1.000000000000000000e+00
7.736220000000000596e-02,1.397602873040074134e-01,1.190899999999999945e-03,1.000000000000000000e+00
7.953419999999999934e-02,1.419372873040073979e-01,1.387510000000000002e-03,1.000000000000000000e+00
8.159660000000000524e-02,1.469982873040074356e-01,1.257880000000000066e-03,1.000000000000000000e+00
8.339159999999999628e-02,1.472282873040073881e-01,1.261359999999999999e-03,1.000000000000000000e+00
8.556900000000000617e-02,1.475522873040074345e-01,1.288840000000000081e-03,1.000000000000000000e+00
8.768560000000000243e-02,1.464442873040074367e-01,1.071129999999999999e-03,1.000000000000000000e+00
8.996289999999999842e-02,1.471392873040074378e-01,1.220729999999999949e-03,1.000000000000000000e+00
9.224999999999999867e-02,1.441582873040074264e-01,1.093730000000000006e-03,1.000000000000000000e+00
9.428000000000000269e-02,1.417722873040074272e-01,1.108440000000000033e-03,1.000000000000000000e+00
9.673980000000000079e-02,1.385252873040074273e-01,1.067060000000000100e-03,1.000000000000000000e+00
9.884790000000000243e-02,1.345112873040074097e-01,9.853929999999999894e-04,1.000000000000000000e+00
1.013130000000000003e-01,1.325132873040074100e-01,1.032680000000000013e-03,1.000000000000000000e+00
1.036720000000000003e-01,1.293962873040074291e-01,9.053499999999999699e-04,1.000000000000000000e+00
1.061710000000000015e-01,1.244702873040074015e-01,9.439249999999999724e-04,1.000000000000000000e+00
1.087660000000000016e-01,1.195582873040074018e-01,8.322320000000000238e-04,1.000000000000000000e+00
1.112009999999999943e-01,1.162172873040074189e-01,9.104039999999999659e-04,1.000000000000000000e+00
1.138099999999999945e-01,1.123772873040074088e-01,7.992500000000000472e-04,1.000000000000000000e+00
1.163430000000000020e-01,1.073732873040074004e-01,8.017700000000000434e-04,1.000000000000000000e+00
1.190770000000000023e-01,1.045022873040074157e-01,7.741539999999999880e-04,1.000000000000000000e+00
1.215679999999999955e-01,1.015622873040074176e-01,7.634760000000000201e-04,1.000000000000000000e+00
1.245050000000000046e-01,9.839228730400741141e-02,6.821260000000000214e-04,1.000000000000000000e+00
1.272749999999999992e-01,9.386928730400741216e-02,7.119179999999999692e-04,1.000000000000000000e+00
1.302089999999999914e-01,9.135928730400741382e-02,6.454959999999999604e-04,1.000000000000000000e+00
1.330320000000000114e-01,8.899428730400740784e-02,6.792509999999999650e-04,1.000000000000000000e+00
1.359930000000000028e-01,8.540228730400740986e-02,6.025409999999999490e-04,1.000000000000000000e+00
1.390220000000000067e-01,8.339728730400741696e-02,6.392929999999999793e-04,1.000000000000000000e+00
1.420170000000000043e-01,8.127828730400740720e-02,5.658669999999999542e-04,1.000000000000000000e+00
1.453619999999999912e-01,8.009528730400741758e-02,5.762659999999999744e-04,1.000000000000000000e+00
1.483619999999999939e-01,7.793428730400740745e-02,5.679870000000000491e-04,1.000000000000000000e+00
1.517459999999999920e-01,7.572628730400740582e-02,5.234410000000000321e-04,1.000000000000000000e+00
1.549899999999999889e-01,7.446428730400740659e-02,5.435989999999999702e-04,1.000000000000000000e+00
1.583440000000000125e-01,7.340928730400740621e-02,5.016639999999999728e-04,1.000000000000000000e+00
1.619339999999999946e-01,7.181928730400741201e-02,4.901820000000000309e-04,1.000000000000000000e+00
1.652569999999999872e-01,6.892028730400741321e-02,5.044500000000000373e-04,1.000000000000000000e+00
1.688639999999999863e-01,6.844188730400740939e-02,4.525630000000000104e-04,1.000000000000000000e+00
1.725949999999999984e-01,6.634238730400741912e-02,4.649710000000000041e-04,1.000000000000000000e+00
1.761530000000000040e-01,6.576608730400741731e-02,4.417119999999999749e-04,1.000000000000000000e+00
1.800489999999999868e-01,6.462538730400740894e-02,4.272950000000000077e-04,1.000000000000000000e+00
1.839709999999999956e-01,6.245488730400741706e-02,4.192019999999999753e-04,1.000000000000000000e+00
1.877369999999999872e-01,6.178148730400741251e-02,4.214819999999999873e-04,1.000000000000000000e+00
1.917349999999999888e-01,6.060388730400741164e-02,3.886049999999999834e-04,1.000000000000000000e+00
1.959200000000000108e-01,5.892208730400741445e-02,3.874039999999999927e-04,1.000000000000000000e+00
2.000939999999999941e-01,5.832708730400741615e-02,3.765460000000000096e-04,1.000000000000000000e+00
2.041800000000000004e-01,5.674588730400741132e-02,3.767469999999999760e-04,1.000000000000000000e+00
2.084820000000000007e-01,5.569718730400741169e-02,3.512920000000000105e-04,1.000000000000000000e+00
2.130080000000000029e-01,5.410228730400741537e-02,3.454950000000000252e-04,1.000000000000000000e+00
2.175040000000000029e-01,5.404878730400741738e-02,3.424669999999999993e-04,1.000000000000000000e+00
2.220409999999999884e-01,5.216938730400741409e-02,3.291529999999999977e-04,1.000000000000000000e+00
2.265989999999999949e-01,5.166038730400741852e-02,3.286030000000000114e-04,1.000000000000000000e+00
2.313560000000000061e-01,5.031918730400741779e-02,3.083879999999999890e-04,1.000000000000000000e+00
2.362869999999999970e-01,4.933178730400741840e-02,3.042729999999999784e-04,1.000000000000000000e+00
2.412549999999999972e-01,4.851048730400740749e-02,2.967479999999999988e-04,1.000000000000000000e+00
2.462709999999999899e-01,4.757048730400741110e-02,2.906790000000000133e-04,1.000000000000000000e+00
2.514049999999999896e-01,4.590688730400740991e-02,2.804150000000000045e-04,1.000000000000000000e+00
2.566479999999999873e-01,4.554428730400740533e-02,2.755289999999999974e-04,1.000000000000000000e+00
2.620020000000000127e-01,4.421188730400740785e-02,2.665510000000000167e-04,1.000000000000000000e+00
2.674509999999999943e-01,4.344538730400741844e-02,2.628759999999999951e-04,1.000000000000000000e+00
2.729619999999999824e-01,4.245558730400740555e-02,2.556670000000000036e-04,1.000000000000000000e+00
2.786370000000000235e-01,4.164428730400741852e-02,2.461949999999999967e-04,1.000000000000000000e+00
2.843769999999999909e-01,4.072158730400740612e-02,2.449239999999999881e-04,1.000000000000000000e+00
2.902540000000000120e-01,3.980888730400741760e-02,2.329300000000000077e-04,1.000000000000000000e+00
2.962989999999999791e-01,3.946348730400740801e-02,2.313749999999999997e-04,1.000000000000000000e+00
3.023609999999999909e-01,3.859628730400740948e-02,2.254199999999999932e-04,1.000000000000000000e+00
3.085769999999999902e-01,3.740068730400741837e-02,2.215569999999999931e-04,1.000000000000000000e+00
3.148989999999999845e-01,3.683238730400741068e-02,2.216080000000000101e-04,1.000000000000000000e+00
3.212869999999999893e-01,3.596738730400740602e-02,2.178059999999999946e-04,1.000000000000000000e+00
3.279349999999999765e-01,3.544998730400741871e-02,2.110269999999999974e-04,1.000000000000000000e+00
3.347849999999999993e-01,3.460428730400741393e-02,2.133399999999999869e-04,1.000000000000000000e+00
3.416950000000000265e-01,3.389658730400740838e-02,2.124659999999999949e-04,1.000000000000000000e+00
3.486690000000000067e-01,3.318718730400740946e-02,2.151940000000000135e-04,1.000000000000000000e+00
3.557460000000000067e-01,3.261198730400741153e-02,2.108559999999999883e-04,1.000000000000000000e+00
3.630780000000000118e-01,3.196618730400740960e-02,2.055140000000000113e-04,1.000000000000000000e+00
3.705390000000000073e-01,3.137778730400740679e-02,2.089439999999999971e-04,1.000000000000000000e+00
3.781089999999999729e-01,3.090458730400741372e-02,2.048630000000000069e-04,1.000000000000000000e+00
3.858880000000000088e-01,3.032288730400740928e-02,2.005250000000000088e-04,1.000000000000000000e+00
3.937990000000000101e-01,2.989078730400741152e-02,2.028069999999999981e-04,1.000000000000000000e+00
4.018900000000000250e-01,2.968108730400741135e-02,1.967480000000000075e-04,1.000000000000000000e+00
4.100790000000000268e-01,2.906998730400741499e-02,2.003340000000000101e-04,1.000000000000000000e+00
4.184660000000000046e-01,2.849408730400741080e-02,1.927230000000000045e-04,1.000000000000000000e+00
4.270129999999999759e-01,2.790818730400741049e-02,1.952710000000000079e-04,1.000000000000000000e+00
4.357739999999999947e-01,2.763448730400740877e-02,1.889679999999999973e-04,1.000000000000000000e+00
4.446760000000000157e-01,2.703968730400740927e-02,1.911860000000000089e-04,1.000000000000000000e+00
4.536589999999999789e-01,2.652398730400741533e-02,1.854570000000000101e-04,1.000000000000000000e+00
4.630420000000000091e-01,2.635298730400741085e-02,1.839020000000000021e-04,1.000000000000000000e+00
4.724679999999999991e-01,2.582488730400741422e-02,1.836750000000000058e-04,1.000000000000000000e+00
4.819249999999999923e-01,2.573568730400740967e-02,1.823910000000000093e-04,1.000000000000000000e+00
4.917750000000000177e-01,2.550778730400741351e-02,1.772199999999999871e-04,1.000000000000000000e+00
5.019280000000000408e-01,2.528568730400741066e-02,1.766840000000000045e-04,1.000000000000000000e+00
5.121909999999999519e-01,2.466498730400740885e-02,1.756820000000000029e-04,1.000000000000000000e+00
5.226330000000000142e-01,2.467978730400741116e-02,1.737470000000000019e-04,1.000000000000000000e+00
5.332829999999999515e-01,2.422978730400741215e-02,1.726429999999999935e-04,1.000000000000000000e+00
5.441059999999999786e-01,2.385608730400741451e-02,1.711600000000000079e-04,1.000000000000000000e+00
5.551530000000000076e-01,2.365638730400741047e-02,1.690060000000000011e-04,1.000000000000000000e+00
5.660770000000000524e-01,2.352138730400741423e-02,1.770479999999999895e-04,1.000000000000000000e+00
5.776080000000000103e-01,2.362558730400741297e-02,2.104719999999999866e-04,1.000000000000000000e+00
5.893659999999999455e-01,2.301218730400741291e-02,2.429569999999999983e-04,1.000000000000000000e+00
6.012830000000000119e-01,2.342978730400741005e-02,2.853679999999999824e-04,1.000000000000000000e+00
6.133330000000000171e-01,2.333738730400741063e-02,3.505100000000000034e-04,1.000000000000000000e+00
6.252550000000000052e-01,2.409848730400741129e-02,5.018480000000000510e-04,1.000000000000000000e+00
6.361620000000000053e-01,2.340138730400741218e-02,1.119949999999999982e-03,1.000000000000000000e+00
