q,30Ｃ,60 C,80 C,100C
0.0067,12.027,11.024,7.245,1.817
0.00712,10.078,9.3078,6.069,1.6051
0.00754,8.1612,7.4953,4.933,1.3451
0.00796,6.656,6.1046,4.0461,1.1366
0.00838,5.482,5.1198,3.3832,0.99748
0.00879,4.604,4.2962,2.8187,0.85218
0.00921,3.9021,3.6189,2.4172,0.75778
0.00963,3.3415,3.0849,2.091,0.68449
0.01005,2.8517,2.6822,1.7949,0.62732
0.01047,2.4994,2.3084,1.5697,0.57122
0.01089,2.1393,2.0228,1.3795,0.53382
0.01131,1.8795,1.7839,1.2211,0.50151
0.01173,1.7104,1.5755,1.1168,0.47887
0.01214,1.4802,1.4248,0.98261,0.43654
0.01256,1.3598,1.295,0.91481,0.41875
0.01298,1.2172,1.1653,0.82213,0.40098
0.0134,1.1058,1.0556,0.7528,0.38032
0.01382,1.0181,0.97492,0.69999,0.38425
0.01424,0.93261,0.88524,0.63838,0.35948
0.01466,0.8675,0.83778,0.5931,0.36773
0.01508,0.79727,0.77676,0.56114,0.34478
0.01549,0.74729,0.73783,0.52494,0.34663
0.01591,0.70353,0.69694,0.52135,0.35032
0.01633,0.65554,0.64925,0.48997,0.35521
0.01675,0.62546,0.61744,0.46856,0.3442
0.01717,0.58763,0.59163,0.45184,0.35462
0.01759,0.57214,0.57215,0.43064,0.35247
0.01801,0.55118,0.54717,0.42791,0.36582
0.01843,0.52158,0.54523,0.41453,0.38314
0.01885,0.51038,0.52713,0.40434,0.39719
0.01926,0.50318,0.51836,0.40493,0.41491
0.01968,0.48343,0.50966,0.39937,0.4296
0.0201,0.48208,0.50501,0.39755,0.4519
0.02052,0.47148,0.5079,0.40308,0.48014
0.02094,0.45907,0.49387,0.40304,0.52425
0.02136,0.45823,0.49532,0.40464,0.56393
0.02178,0.45394,0.49378,0.4106,0.61388
0.0222,0.44983,0.49945,0.42105,0.6758
0.02261,0.45477,0.50486,0.4303,0.75021
0.02303,0.45107,0.50098,0.43488,0.85513
0.02345,0.46818,0.51832,0.45863,0.9915
0.02387,0.46135,0.52041,0.4779,1.1525
0.02429,0.4601,0.54108,0.49641,1.3963
0.02471,0.47074,0.55219,0.51635,1.7142
0.02513,0.47174,0.56134,0.55126,2.1896
0.02555,0.49195,0.56735,0.57778,2.9025
0.02596,0.49832,0.58701,0.61934,4.0054
0.02638,0.50263,0.60522,0.6641,5.8313
0.0268,0.5098,0.62284,0.71661,8.8188
0.02722,0.52726,0.64377,0.78616,13.009
0.02764,0.54349,0.6597,0.85746,16.907
0.02806,0.55222,0.68252,0.94087,16.911
0.02848,0.56161,0.70702,1.0472,13.263
0.0289,0.57821,0.73006,1.1783,8.8862
0.02931,0.58654,0.75684,1.3254,5.5931
0.02973,0.61118,0.79391,1.4874,3.409
0.03015,0.62723,0.81783,1.7067,2.0651
0.03057,0.64308,0.8433,1.9782,1.3138
0.03099,0.6616,0.87661,2.3132,0.91271
0.03141,0.68641,0.92227,2.7268,0.66683
0.03183,0.70418,0.96499,3.2055,0.51084
0.03225,0.72119,0.99658,3.7585,0.40791
0.03266,0.75072,1.0443,4.3094,0.34582
0.03308,0.76454,1.0812,4.814,0.28628
0.0335,0.79456,1.1368,5.1693,0.25765
0.03392,0.83078,1.1964,5.2072,0.22609
0.03434,0.84302,1.2715,4.9397,0.20821
0.03476,0.8833,1.3045,4.3628,0.19327
0.03518,0.90752,1.3752,3.6814,0.17604
0.0356,0.93564,1.4494,2.8894,0.16236
0.03601,0.9827,1.5313,2.1992,0.15635
0.03643,1.0118,1.5902,1.6434,0.15418
0.03685,1.0491,1.6586,1.2389,0.14298
0.03727,1.0792,1.6949,0.9217,0.139
0.03769,1.1073,1.7348,0.70066,0.12954
0.03811,1.1282,1.7506,0.54268,0.12645
0.03853,1.1401,1.7185,0.43219,0.12242
0.03895,1.1351,1.6739,0.35529,0.11602
0.03937,1.151,1.6583,0.3013,0.11476
0.03978,1.1483,1.5614,0.25937,0.11285
0.0402,1.1098,1.4421,0.22791,0.10628
0.04062,1.0611,1.2952,0.20341,0.10647
0.04104,1.0039,1.1333,0.1826,0.10444
0.04146,0.91324,0.97423,0.16565,0.10041
0.04188,0.81541,0.81141,0.15478,0.098679
0.0423,0.71905,0.67402,0.14436,0.098141
0.04272,0.6166,0.55489,0.13539,0.093595
0.04313,0.51948,0.4595,0.12652,0.091974
0.04355,0.43867,0.38043,0.12307,0.09333
0.04397,0.36633,0.32107,0.1176,0.08805
0.04439,0.30462,0.27698,0.10736,0.089368
0.04481,0.25898,0.2414,0.10854,0.088792
0.04523,0.22535,0.21172,0.10734,0.087255
0.04565,0.19866,0.19097,0.097902,0.084444
0.04607,0.172,0.17506,0.097094,0.081565
0.04648,0.1615,0.15714,0.094488,0.082361
0.0469,0.14004,0.14776,0.090717,0.078603
0.04732,0.13003,0.14156,0.089054,0.077202
0.04774,0.12549,0.13133,0.086345,0.077073
0.04816,0.11789,0.12134,0.083778,0.077861
0.04858,0.11298,0.11799,0.079374,0.075292
0.049,0.10635,0.11266,0.078368,0.079224
0.04942,0.0973,0.10826,0.079699,0.074452
0.04983,0.09608,0.103,0.076498,0.072686
0.05025,0.08813,0.095771,0.073607,0.075035
0.05067,0.08581,0.096332,0.073282,0.075345
0.05109,0.08413,0.091594,0.070747,0.074815
0.05151,0.07896,0.088487,0.066676,0.07233
0.05193,0.08064,0.085984,0.067619,0.074876
0.05235,0.07241,0.083843,0.063468,0.075368
0.05277,0.07534,0.07788,0.067927,0.077118
0.05318,0.07017,0.080512,0.06449,0.07752
0.0536,0.069461,0.075739,0.064054,0.081921
0.05402,0.068081,0.072002,0.063349,0.086641
0.05444,0.067567,0.074203,0.059127,0.088308
0.05486,0.064586,0.072321,0.062272,0.10041
0.05528,0.062237,0.066616,0.058216,0.10262
0.0557,0.057757,0.067695,0.05816,0.10795
0.05612,0.059827,0.066142,0.057471,0.10126
0.05653,0.055547,0.059962,0.057527,0.092542
0.05695,0.055494,0.062828,0.057067,0.085997
0.05737,0.053321,0.061412,0.055396,0.073005
0.05779,0.054457,0.058427,0.056022,0.0648
0.05821,0.054007,0.056218,0.05595,0.058042
0.05863,0.053596,0.054774,0.052362,0.052603
0.05905,0.049361,0.055078,0.053178,0.052489
0.05947,0.049574,0.051709,0.054936,0.047084
0.05988,0.050104,0.052921,0.050621,0.046857
0.0603,0.049845,0.05129,0.049771,0.045213
0.06072,0.047326,0.052857,0.050389,0.042049
0.06114,0.045616,0.050278,0.050398,0.040598
0.06156,0.044864,0.050242,0.05161,0.043135
0.06198,0.042505,0.049435,0.048262,0.041514
0.0624,0.043594,0.048624,0.048201,0.042542
0.06282,0.043459,0.048355,0.047353,0.041524
0.06323,0.03971,0.044714,0.047557,0.040094
0.06365,0.041088,0.045247,0.047843,0.038367
0.06407,0.040913,0.043016,0.044846,0.037487
0.06449,0.039761,0.046583,0.044259,0.036642
0.06491,0.03888,0.040533,0.045617,0.038167
0.06533,0.03931,0.039395,0.044209,0.037326
0.06575,0.038067,0.03992,0.04408,0.036213
0.06617,0.038472,0.039947,0.042759,0.037461
0.06658,0.035816,0.038333,0.041818,0.03781
0.067,0.037253,0.039821,0.040712,0.035941
0.06742,0.036628,0.038333,0.041792,0.035186
0.06784,0.034223,0.037258,0.038697,0.033593
0.06826,0.035147,0.035035,0.038056,0.034465
0.06868,0.032245,0.036188,0.03903,0.034753
0.0691,0.032744,0.033633,0.037663,0.034059
0.06952,0.034711,0.03398,0.034992,0.033701
0.06993,0.030647,0.035661,0.034822,0.033681
0.07035,0.032392,0.031119,0.033422,0.033456
0.07077,0.032078,0.032385,0.032268,0.033156
0.07119,0.031429,0.03375,0.030813,0.032158
0.07161,0.030874,0.032855,0.032307,0.032843
0.07203,0.030321,0.031867,0.032247,0.034205
0.07245,0.030112,0.030376,0.029691,0.031708
0.07287,0.0294,0.030567,0.029551,0.033105
0.07328,0.029639,0.030492,0.029758,0.032505
0.0737,0.030762,0.03109,0.027209,0.032804
0.07412,0.0294,0.030277,0.027014,0.031568
0.07454,0.030012,0.029515,0.02838,0.030576
0.07496,0.027089,0.029162,0.027508,0.032274
0.07538,0.028195,0.028022,0.027928,0.032457
0.0758,0.028031,0.027939,0.029141,0.030588
0.07622,0.028883,0.029168,0.02689,0.034072
0.07663,0.028886,0.027931,0.026764,0.032147
0.07705,0.027316,0.029191,0.02695,0.034471
0.07747,0.02909,0.028865,0.025883,0.032982
0.07789,0.028104,0.029453,0.026592,0.031927
0.07831,0.02737,0.029738,0.024886,0.033417
0.07873,0.027954,0.028981,0.026655,0.033865
0.07915,0.027944,0.026316,0.025824,0.035747
0.07957,0.027586,0.029147,0.02739,0.036078
0.07998,0.027392,0.027296,0.025521,0.038232
0.0804,0.028478,0.027138,0.025029,0.039477
0.08082,0.029069,0.026466,0.024938,0.043142
0.08124,0.029489,0.026968,0.025244,0.045986
0.08166,0.029214,0.028267,0.02473,0.048482
0.08208,0.028568,0.027963,0.024806,0.052944
0.0825,0.028795,0.02793,0.024553,0.057565
0.08291,0.028362,0.026964,0.023764,0.066398
0.08333,0.027772,0.026045,0.025662,0.070315
0.08375,0.026065,0.025739,0.022973,0.075202
0.08417,0.02561,0.025821,0.022549,0.07458
0.08459,0.02577,0.023779,0.022234,0.076747
0.08501,0.025307,0.024967,0.024366,0.068482
0.08543,0.026458,0.025292,0.023284,0.065065
0.08585,0.026391,0.025701,0.022463,0.059232
0.08626,0.027045,0.026105,0.022415,0.054171
0.08668,0.025148,0.02592,0.022516,0.047055
0.0871,0.025312,0.023261,0.022795,0.04437
0.08752,0.024848,0.023829,0.0219,0.039455
0.08794,0.025345,0.024329,0.023413,0.035772
0.08836,0.024124,0.023058,0.023047,0.033227
0.08878,0.023494,0.02368,0.021512,0.031364
0.0892,0.024394,0.022762,0.023051,0.032294
0.08961,0.023146,0.021566,0.021543,0.029354
0.09003,0.023373,0.021257,0.02123,0.027501
0.09045,0.020735,0.022921,0.022045,0.027356
0.09087,0.022614,0.023146,0.023999,0.025413
0.09129,0.021934,0.021877,0.02201,0.023626
0.09171,0.022637,0.021657,0.022588,0.024756
0.09213,0.022193,0.021417,0.022106,0.02503
0.09255,0.023047,0.020752,0.022129,0.024319
0.09296,0.020629,0.023886,0.022337,0.024172
0.09338,0.02093,0.020821,0.019766,0.022511
0.0938,0.021004,0.02144,0.022541,0.023342
0.09422,0.020683,0.021822,0.023249,0.021572
0.09464,0.021462,0.022953,0.023141,0.020576
0.09506,0.019578,0.020744,0.023932,0.021916
0.09548,0.021246,0.020155,0.023947,0.020445
0.0959,0.022155,0.02004,0.024406,0.020169
0.09631,0.021955,0.019561,0.024146,0.021478
0.09673,0.019307,0.021121,0.023083,0.020637
0.09715,0.021453,0.020393,0.025087,0.021583
0.09757,0.02032,0.021558,0.025122,0.02068
0.09799,0.021574,0.019715,0.026199,0.018952
0.09841,0.019862,0.019223,0.026346,0.021046
0.09883,0.018234,0.019426,0.026807,0.018682
0.09924,0.020106,0.019136,0.026634,0.01966
0.09966,0.018769,0.02127,0.026887,0.019971
0.10008,0.019156,0.021071,0.027518,0.019291
0.1005,0.018943,0.019951,0.027747,0.019388
0.10092,0.020559,0.020313,0.027293,0.018216
0.10134,0.018084,0.019912,0.027891,0.018612
0.10176,0.018277,0.02003,0.027301,0.018089
0.10218,0.018561,0.019519,0.02804,0.018161
0.10259,0.01955,0.02062,0.02767,0.017635
0.10301,0.01936,0.019102,0.026771,0.019381
0.10343,0.018862,0.019829,0.028259,0.017263
0.10385,0.017676,0.020866,0.026875,0.017177
0.10427,0.01956,0.019549,0.025329,0.016364
0.10469,0.017957,0.018391,0.024904,0.017434
0.10511,0.018298,0.019982,0.024999,0.017673
0.10553,0.017899,0.018519,0.023831,0.017508
0.10594,0.017327,0.01904,0.022147,0.016323
0.10636,0.018348,0.017914,0.023585,0.018733
0.10678,0.01864,0.018547,0.0229,0.016939
0.1072,0.018314,0.018906,0.021134,0.017395
0.10762,0.016846,0.017775,0.020985,0.017774
0.10804,0.017946,0.01856,0.019987,0.016708
0.10846,0.017637,0.018845,0.019152,0.016849
0.10887,0.018448,0.019657,0.017127,0.01774
0.10929,0.017999,0.018674,0.016834,0.018043
0.10971,0.01917,0.019372,0.01844,0.018405
0.11013,0.016432,0.018962,0.017461,0.017089
0.11055,0.016749,0.01646,0.016974,0.015499
0.11097,0.017493,0.018882,0.016735,0.01691
0.11139,0.017466,0.017049,0.014743,0.017103
0.11181,0.017674,0.016678,0.016118,0.017458
0.11222,0.016923,0.018205,0.014183,0.016783
0.11264,0.017366,0.016827,0.014827,0.018126
0.11306,0.015171,0.017599,0.015064,0.016678
0.11348,0.016842,0.018651,0.015154,0.016893
0.1139,0.016533,0.018087,0.014612,0.015365
0.11432,0.016141,0.017116,0.014294,0.015192
0.11474,0.016984,0.017856,0.013006,0.016467
0.11515,0.016187,0.016161,0.013658,0.014864
0.11557,0.015315,0.017038,0.014545,0.01557
0.11599,0.016162,0.017926,0.014415,0.012729
0.11641,0.016666,0.018552,0.013773,0.014859
0.11683,0.016206,0.015443,0.013048,0.014575
0.11725,0.015387,0.015958,0.014176,0.013602
0.11767,0.015567,0.016983,0.012324,0.013635
0.11809,0.015054,0.016381,0.014117,0.012079
0.1185,0.014085,0.015017,0.011524,0.013175
0.11892,0.016335,0.016706,0.011981,0.013039
0.11934,0.014599,0.015133,0.012578,0.013074
0.11976,0.015147,0.015626,0.012427,0.012923
0.12018,0.015844,0.015219,0.012522,0.013258
0.1206,0.014143,0.016169,0.013093,0.013051
0.12102,0.014064,0.014671,0.012295,0.011505
0.12143,0.01471,0.015944,0.011854,0.01272
0.12185,0.014422,0.014738,0.012495,0.012495
0.12227,0.013466,0.0138,0.011875,0.011526
0.12269,0.015876,0.015908,0.011319,0.01302
0.12311,0.013367,0.013471,0.01229,0.01203
0.12353,0.014166,0.013057,0.010399,0.010077
0.12395,0.013382,0.013574,0.011188,0.010977
0.12437,0.012945,0.013511,0.010335,0.010533
0.12478,0.013603,0.014224,0.012395,0.012972
0.1252,0.011292,0.013536,0.011848,0.0097545
0.12562,0.013414,0.012641,0.011126,0.012381
0.12604,0.013061,0.013623,0.012156,0.013552
0.12646,0.01156,0.011917,0.0098172,0.010006
0.12688,0.011264,0.012577,0.010037,0.011608
0.1273,0.011428,0.012533,0.011218,0.010986
0.12771,0.012685,0.012771,0.0096145,0.010844
0.12813,0.010739,0.012859,0.01086,0.010802
0.12855,0.011158,0.012363,0.010508,0.01201
0.12897,0.011788,0.011771,0.010277,0.011608
0.12939,0.011592,0.012566,0.010826,0.011177
0.12981,0.011288,0.012024,0.0099044,0.011308
0.13023,0.012577,0.010801,0.011124,0.010827
0.13065,0.011009,0.011577,0.01147,0.011327
0.13106,0.010199,0.009914,0.011254,0.0095795
0.13148,0.011616,0.011432,0.010369,0.0098667
0.1319,0.011815,0.011299,0.0091693,0.010747
0.13232,0.010434,0.010535,0.0080888,0.011295
0.13274,0.011629,0.012959,0.010224,0.011302
0.13316,0.012201,0.010655,0.0098489,0.010391
0.13358,0.011723,0.011067,0.0090156,0.011413
0.13399,0.009354,0.0094592,0.010668,0.010075
0.13441,0.010779,0.010485,0.0096794,0.0099462
0.13483,0.009144,0.011336,0.0089277,0.009375
0.13525,0.008816,0.010264,0.0097166,0.010408
0.13567,0.010087,0.0081396,0.010874,0.011587
0.13609,0.010362,0.0095653,0.0084168,0.010053
0.13651,0.008783,0.011045,0.0090956,0.011834
0.13692,0.009776,0.010088,0.011003,0.010779
0.13734,0.010488,0.010084,0.0089887,0.010577
0.13776,0.010193,0.0095869,0.0089918,0.011376
0.13818,0.008931,0.010545,0.0089277,0.010758
0.1386,0.007583,0.0093125,0.0090164,0.0091076
0.13902,0.00843,0.0094877,0.0095756,0.01117
0.13944,0.009339,0.0081603,0.0087336,0.0099144
0.13986,0.00982,0.010656,0.0076856,0.0098189
0.14027,0.009506,0.0091606,0.0078187,0.011073
0.14069,0.008612,0.009851,0.0072198,0.011213
0.14111,0.009382,0.0095274,0.0098141,0.011373
0.14153,0.009095,0.009763,0.0090584,0.011
0.14195,0.00811,0.0075276,0.0074852,0.010943
0.14237,0.00903,0.0090087,0.0077989,0.011158
0.14279,0.009431,0.0086669,0.0087756,0.010371
0.1432,0.010157,0.0077434,0.0089847,0.010508
0.14362,0.008704,0.0090251,0.0087304,0.0071576
0.14404,0.007374,0.0077106,0.0077886,0.010102
0.14446,0.007748,0.0073697,0.0092984,0.0086159
0.14488,0.007041,0.0092952,0.0097586,0.010511
0.1453,0.007524,0.0091416,0.0084682,0.0071795
0.14572,0.008068,0.0081905,0.0078282,0.0074833
0.14613,0.009734,0.0075432,0.008328,0.0080591
0.14655,0.00906,0.008704,0.0083233,0.0098121
0.14697,0.008284,0.0091459,0.0082773,0.0097902
0.14739,0.00883,0.0084157,0.0089023,0.009478
0.14781,0.007548,0.007752,0.008652,0.0093318
0.14823,0.00708,0.0095438,0.0079581,0.0091773
0.14865,0.006953,0.0084218,0.0096065,0.009597
0.14906,0.007988,0.0073041,0.0089871,0.0068129
0.14948,0.007717,0.0084123,0.0075026,0.009128
0.1499,0.007084,0.0082828,0.0073672,0.0084712
0.15032,0.00627,0.007897,0.0077791,0.0090758
0.15074,0.007744,0.0081249,0.0087954,0.0091197
0.15116,0.008583,0.0080895,0.010073,0.011424
0.15158,0.007848,0.0083363,0.0077426,0.0071833
0.15199,0.008056,0.010573,0.0080674,0.0086318
0.15241,0.008202,0.0075872,0.0072428,0.0089652
0.15283,0.008564,0.0078142,0.0083819,0.007903
0.15325,0.007682,0.0085322,0.0080516,0.0092667
0.15367,0.006451,0.0066326,0.0060198,0.0086371
0.15409,0.009284,0.0076226,0.0087708,0.0076977
0.15451,0.007152,0.0078452,0.0078337,0.0090667
0.15492,0.008386,0.0080731,0.0084278,0.0076273
0.15534,0.0068,0.007891,0.0073822,0.0073492
0.15576,0.007191,0.0083303,0.0069854,0.007197
0.15618,0.00873,0.009044,0.0078662,0.010176
0.1566,0.007757,0.0068518,0.0062495,0.0083879
0.15702,0.007176,0.0072135,0.0082829,0.0089038
0.15744,0.007417,0.0062373,0.0080207,0.0074205
0.15785,0.006773,0.0062244,0.0072713,0.0086742
0.15827,0.007301,0.0075656,0.0063588,0.0088371
0.15869,0.007945,0.0068795,0.0073703,0.0088242
0.15911,0.008164,0.0070124,0.0082449,0.0076712
0.15953,0.008176,0.0063944,0.0064919,0.007622
0.15995,0.00764,0.0062727,0.0070361,0.0081886
0.16037,0.006131,0.0080878,0.0071636,0.0077121
0.16078,0.006908,0.0081758,0.0086282,0.0066106
0.1612,0.007786,0.005313,0.0069355,0.0061053
0.16162,0.007073,0.0070314,0.0071763,0.008747
0.16204,0.009053,0.0068924,0.006556,0.0079508
0.16246,0.006283,0.0064643,0.0057686,0.0079099
0.16288,0.008009,0.0073783,0.0070242,0.0093765
0.1633,0.006589,0.0069571,0.0069814,0.0085765
0.16371,0.006232,0.0069537,0.0071731,0.0070341
0.16413,0.005975,0.0071159,0.0072151,0.0079159
0.16455,0.006335,0.00692,0.0067311,0.008472
0.16497,0.006374,0.0060198,0.007299,0.0070364
0.16539,0.006802,0.0069917,0.0067358,0.0084341
0.16581,0.005965,0.0077538,0.0081023,0.0079606
0.16623,0.007609,0.0054839,0.0062416,0.0089727
0.16664,0.005019,0.0047554,0.0047262,0.006303
0.16706,0.006504,0.0070598,0.0065806,0.0066591
0.16748,0.006905,0.0071125,0.0075763,0.0063712
0.1679,0.005727,0.0060311,0.0059469,0.0068909
0.16832,0.006734,0.0060569,0.0064364,0.007725
0.16874,0.004384,0.00583,0.0056482,0.0060561
0.16916,0.006199,0.0063849,0.0066455,0.0073932
0.16957,0.006173,0.0055848,0.0061077,0.0074
0.16999,0.006236,0.0062218,0.0053448,0.0078008
0.17041,0.006278,0.0069787,0.0065727,0.0076
0.17083,0.007085,0.0070581,0.0071216,0.00635
0.17125,0.006245,0.0055072,0.0064768,0.006822
0.17167,0.005387,0.0060578,0.0062796,0.0071917
0.17209,0.005637,0.0063754,0.0058423,0.0075826
0.1725,0.00629,0.0062054,0.0061093,0.0073333
0.17292,0.006905,0.005943,0.0058993,0.0076159
0.17334,0.006774,0.0060086,0.0060934,0.0057621
0.17376,0.005417,0.0061502,0.0062875,0.0076136
0.17418,0.004563,0.0061113,0.0071184,0.0060311
0.1746,0.005832,0.0067837,0.0068673,0.006375
0.17502,0.006251,0.006378,0.0053647,0.0071848
0.17543,0.005805,0.0058602,0.0055025,0.0065053
0.17585,0.005205,0.0068691,0.0052965,0.0069727
0.17627,0.005278,0.0059516,0.0076001,0.0069515
0.17669,0.005679,0.0078202,0.0044886,0.0069288
0.17711,0.005647,0.0063771,0.0065544,0.005825
0.17753,0.004914,0.0078556,0.0055255,0.0066644
0.17795,0.006374,0.0063892,0.0057956,0.0061455
0.17836,0.00481,0.0056289,0.0065687,0.0066652
0.17878,0.005568,0.006725,0.0069814,0.0073591
0.1792,0.004696,0.0054985,0.0047682,0.0060833
0.17962,0.005387,0.0056159,0.0056166,0.0049311
0.18004,0.006385,0.0046432,0.005916,0.0055333
0.18046,0.006001,0.0063858,0.005752,0.0067561
0.18087,0.005658,0.0061174,0.0070083,0.0059697
0.18129,0.005861,0.0059128,0.0056348,0.0064614
0.18171,0.004742,0.0066999,0.0052427,0.0041833
0.18213,0.005551,0.0058075,0.0063548,0.0057379
0.18255,0.006184,0.0044758,0.0051896,0.0052924
0.18297,0.005287,0.005048,0.0062606,0.0064477
0.18339,0.00482,0.0046959,0.0051825,0.0059417
0.1838,0.005409,0.0050135,0.0066875,0.0073121
0.18422,0.005859,0.0048996,0.00531,0.0064955
0.18464,0.006164,0.0051093,0.005211,0.0066273
0.18506,0.005391,0.0064833,0.0058067,0.0056902
0.18548,0.004676,0.0038181,0.005958,0.0052561
0.1859,0.005387,0.0055425,0.0060182,0.0071894
0.18632,0.005007,0.0055331,0.0051936,0.0049136
0.18673,0.005812,0.0048521,0.0064229,0.0052659
0.18715,0.005457,0.0044473,0.0044133,0.0055273
0.18757,0.004612,0.0053906,0.0038216,0.0068545
0.18799,0.004498,0.0054856,0.0054621,0.0051258
0.18841,0.004148,0.0048935,0.004544,0.0050447
0.18883,0.005182,0.0040598,0.004018,0.0062621
0.18924,0.004592,0.0053294,0.0053821,0.0045659
0.18966,0.005111,0.0048253,0.0052244,0.0053023
0.19008,0.004447,0.0038647,0.003976,0.0042886
0.1905,0.004831,0.00525,0.0056815,0.0066652
0.19092,0.005045,0.0046165,0.0054977,0.0053235
0.19134,0.004372,0.0052465,0.0050953,0.0056114
0.19176,0.004059,0.004991,0.0051492,0.0056038
0.19217,0.005561,0.0051188,0.0043864,0.0067553
0.19259,0.00485,0.005206,0.0045091,0.0056788
0.19301,0.005108,0.0053509,0.0040869,0.0070083
0.19343,0.006233,0.0050368,0.0052292,0.0051348
0.19385,0.004738,0.0046372,0.0046771,0.0044606
0.19427,0.003853,0.0049574,0.0039444,0.0048947
0.19469,0.004405,0.003951,0.0045123,0.0046015
0.1951,0.003918,0.0071617,0.0041495,0.0061689
0.19552,0.00435,0.0078806,0.0050153,0.0047303
0.19594,0.005232,0.003598,0.0059453,0.0047848
0.19636,0.005285,0.0050195,0.0037455,0.0049023
0.19678,0.005669,0.0044508,0.0040299,0.0054591
0.1972,0.005623,0.0044231,0.0047737,0.0045394
0.19761,0.003646,0.0054959,0.0048957,0.0061492
0.19803,0.00515,0.0043696,0.0046486,0.0051826
0.19845,0.005023,0.003819,0.0057409,0.0039811
0.19887,0.004593,0.0041918,0.005028,0.0052258
0.19929,0.004635,0.005344,0.0042224,0.0044833
0.19971,0.004416,0.0050428,0.0051302,0.0054394
0.20013,0.004535,0.0035868,0.0049599,0.0047523
0.20054,0.004827,0.0051896,0.0045638,0.0047288
0.20096,0.005683,0.0039873,0.0038422,0.0046962
0.20138,0.004439,0.0046985,0.004746,0.0036659
0.2018,0.004425,0.0039907,0.004601,0.0032258
0.20222,0.005662,0.0041297,0.0040275,0.0049856
0.20264,0.004134,0.0060241,0.0051017,0.0058955
0.20305,0.003381,0.004033,0.0038778,0.0050023
0.20347,0.006609,0.0050213,0.004258,0.0047439
0.20389,0.004076,0.0040063,0.0032069,0.0045515
0.20431,0.002627,0.0038509,0.0047428,0.0055303
0.20473,0.004096,0.00392,0.0041131,0.0051288
0.20515,0.004007,0.005779,0.0042382,0.0028417
0.20556,0.004647,0.0035411,0.0040885,0.00415
0.20598,0.003876,0.0036084,0.004902,0.0044576
0.2064,0.004707,0.0046777,0.0039871,0.0051545
0.20682,0.004554,0.0044577,0.0029281,0.004775
0.20724,0.004285,0.0042738,0.0040149,0.0055773
0.20766,0.004576,0.002747,0.0049496,0.0027879
0.20808,0.002757,0.0051611,0.0038556,0.0053667
0.20849,0.004169,0.0044922,0.0039911,0.0036811
0.20891,0.003555,0.0039933,0.0052973,0.0042371
0.20933,0.004197,0.0029853,0.0042129,0.0048894
0.20975,0.004254,0.0042005,0.0032679,0.0038402
0.21017,0.003909,0.0033236,0.0045741,0.0043098
0.21059,0.003666,0.0034936,0.0037241,0.0059318
0.211,0.003604,0.0031372,0.0055841,0.0046689
0.21142,0.003896,0.0032355,0.003576,0.004728
0.21184,0.004658,0.0046044,0.0046818,0.0038455
0.21226,0.004539,0.0041366,0.0042778,0.0044227
0.21268,0.004423,0.0044387,0.0043571,0.0035515
0.2131,0.002942,0.0024268,0.0032497,0.0037265
0.21351,0.004167,0.0051697,0.0037788,0.0044985
0.21393,0.002063,0.0041159,0.0038041,0.0053015
0.21435,0.00358,0.0028964,0.0036291,0.004322
0.21477,0.003968,0.0032097,0.0035348,0.0028167
0.21519,0.004214,0.0038475,0.0042913,0.004778
0.21561,0.003418,0.0049712,0.003557,0.0044508
0.21603,0.003379,0.0027729,0.0034762,0.0040386
0.21644,0.003532,0.0039968,0.0038889,0.0054326
0.21686,0.004261,0.0049125,0.0044062,0.0033386
0.21728,0.004393,0.0038155,0.0034778,0.0054227
0.2177,0.002187,0.0026728,0.004319,0.0046121
0.21812,0.003293,0.0042117,0.002753,0.0052061
0.21854,0.003483,0.0034729,0.0038937,0.0038538
0.21895,0.004279,0.0029507,0.0041527,0.0048076
0.21937,0.002398,0.0042428,0.0024631,0.004628
0.21979,0.00287,0.0041375,0.0031467,0.0044606
0.22021,0.00422,0.0042039,0.0024955,0.0030977
0.22063,0.003355,0.0043938,0.0034097,0.0044174
0.22105,0.003434,0.0038207,0.0032869,0.0041053
0.22146,0.002447,0.0028644,0.0034081,0.0042061
0.22188,0.003838,0.0029499,0.0032085,0.0039924
0.2223,0.002742,0.0037404,0.0039539,0.0041485
0.22272,0.002326,0.0042134,0.004037,0.0030985
0.22314,0.00414,0.0037413,0.0025296,0.0034341
0.22356,0.003748,0.0047925,0.0040022,0.0039689
0.22397,0.002993,0.0031397,0.0041939,0.0049788
0.22439,0.00289,0.0026323,0.0032386,0.0041386
0.22481,0.002614,0.0032278,0.0039927,0.0051848
0.22523,0.004098,0.0024001,0.0036212,0.0029682
0.22565,0.004114,0.0039614,0.0036465,0.0033311
0.22607,0.003742,0.0046018,0.0036655,0.0045705
0.22648,0.004187,0.0030923,0.003496,0.0042727
0.2269,0.003161,0.0041021,0.0027514,0.0040621
0.22732,0.002783,0.0031225,0.004742,0.004072
0.22774,0.004231,0.0011633,0.0029399,0.0035568
0.22816,0.002824,0.0028152,0.0040426,0.0039833
0.22858,0.003737,0.0029499,0.0041923,0.0048735
0.229,0.003084,0.0032071,0.0039507,0.0037924
0.22941,0.002541,0.0028661,0.0028599,0.0032462
0.22983,0.003124,0.0027919,0.0029019,0.0041583
0.23025,0.003137,0.0024674,0.0034722,0.0036189
0.23067,0.003337,0.0037215,0.0033455,0.0023265
0.23109,0.002653,0.0029352,0.0032322,0.0031015
0.23151,0.003378,0.0023845,0.0021351,0.0035159
0.23192,0.002155,0.0029456,0.0042802,0.0036356
0.23234,0.003221,0.0023457,0.0020496,0.0029295
0.23276,0.002825,0.0026426,0.0044363,0.0030848
0.23318,0.00259,0.0035022,0.0029122,0.0040864
0.2336,0.002589,0.0022085,0.0030183,0.0038189
0.23402,0.003772,0.0038302,0.0026373,0.0058235
0.23443,0.003436,0.003359,0.0035095,0.003953
0.23485,0.003769,0.0025762,0.0025367,0.0046561
0.23527,0.002561,0.004178,0.0038065,0.003672
0.23569,0.001802,0.0032701,0.0034881,0.0032227
0.23611,0.00322,0.0031915,0.0030469,0.0040909
0.23653,0.003782,0.0045992,0.003195,0.0029295
0.23694,0.002005,0.0050799,0.0028837,0.0032348
0.23736,0.002775,0.0044352,0.0037851,0.002503
0.23778,0.003733,0.0034988,0.0023387,0.0041939
0.2382,0.003789,0.0024148,0.0032996,0.0041985
0.23862,0.001776,0.0017502,0.0043285,0.0044523
0.23904,0.003567,0.0031596,0.0040711,0.0043917
0.23945,0.00159,0.0042574,0.0035277,0.0039788
0.23987,0.003404,0.0035989,0.0025185,0.0032197
0.24029,0.003433,0.0025192,0.0031459,0.0034265
0.24071,0.002596,0.0021774,0.0034453,0.0028886
0.24113,0.003469,0.0019055,0.0041622,0.0022894
0.24154,0.003419,0.0039718,0.0017224,0.0035341
0.24196,0.003807,0.0024035,0.0032798,0.0026341
0.24238,0.002529,0.0035031,0.0031031,0.0041333
0.2428,0.00124,0.003296,0.0028417,0.003475
0.24322,0.002483,0.0027298,0.0034366,0.0024864
0.24364,0.003361,0.0035696,0.0026453,0.0038621
0.24405,0.00242,0.0029697,0.0030691,0.0023
0.24447,0.003471,0.0033322,0.0026619,0.0029939
0.24489,0.002041,0.0024484,0.0029146,0.0032856
0.24531,0.00189,0.0024389,0.0043555,0.0030909
0.24573,0.003409,0.0028981,0.002608,0.0030742
0.24615,0.003099,0.0028006,0.0021549,0.0040553
0.24656,0.003582,0.0034807,0.0028029,0.0040879
0.24698,0.003429,0.0037655,0.0038952,0.0024955
0.2474,0.00249,0.0041565,0.0024995,0.0042432
0.24782,0.002439,0.0027445,0.0018943,0.0041674
0.24824,0.002013,0.0032002,0.0016678,0.0033674
0.24866,0.001771,0.0031294,0.0029518,0.0032008
0.24907,0.002022,0.0021041,0.0037709,0.0029636
0.24949,0.002827,0.0027971,0.0029526,0.0024492
0.24991,0.002707,0.0020221,0.0029011,0.003
0.25033,0.002058,0.0024596,0.0032322,0.0031712
0.25075,0.002989,0.0041547,0.0024456,0.0033
0.25117,0.003363,0.002325,0.0016551,0.0018333
0.25158,0.002016,0.0032364,0.0027601,0.0033606
0.252,0.003168,0.0022749,0.0017882,0.0036091
0.25242,0.002193,0.0035428,0.002787,0.0034765
0.25284,0.002772,0.0021092,0.0029653,0.0026333
0.25326,0.003005,0.0027945,0.0025122,0.002497
0.25368,0.002868,0.003321,0.0028774,0.0041485
0.25409,0.003009,0.0028661,0.0018389,0.0028773
0.25451,0.003206,0.0030819,0.0031649,0.0028432
0.25493,0.003969,0.0031173,0.0023213,0.0035212
0.25535,0.002049,0.0021222,0.0019965,0.0027583
0.25577,0.003057,0.0037033,0.0040553,0.0028447
0.25618,0.001848,0.0034461,0.0033835,0.0035379
0.2566,0.001893,0.0020963,0.0024496,0.002897
0.25702,0.002508,0.0021878,0.0027498,0.0025424
0.25744,0.003611,0.0024476,0.0016812,0.003522
0.25786,0.001224,0.0021645,0.0031007,0.0015568
0.25828,0.001828,0.0029395,0.0023237,0.002853
0.25869,0.003309,0.0039338,0.0021914,0.0029121
0.25911,0.002662,0.0012953,0.0021716,0.0025712
0.25953,0.003765,0.0028264,0.0026175,0.0031773
0.25995,0.002721,0.001619,0.0020828,0.0040015
0.26037,0.000732,0.001915,0.0019315,0.0033295
0.26079,0.002003,0.0031147,0.0018246,0.0033545
0.2612,0.001495,0.0015931,0.0022294,0.0038508
0.26162,0.002931,0.0015456,0.0024179,0.0026326
0.26204,0.004054,0.0025218,0.0013501,0.003778
0.26246,0.003063,0.0033995,0.0028718,0.0034371
0.26288,0.001702,0.0035204,0.002029,0.0026568
0.26329,0.003165,0.0030474,0.0023807,0.0027424
0.26371,0.002078,0.0031769,0.0035657,0.001728
0.26413,0.001989,0.0023595,0.0029439,0.0026795
0.26455,0.003588,0.0027255,0.0032869,0.0028129
0.26497,0.002624,0.0029395,0.0031292,0.0031985
0.26539,0.003411,0.0028264,0.0022627,0.0025712
0.2658,0.002118,0.0036533,0.0027577,0.0029841
0.26622,0.002489,0.0022042,0.0023807,0.0019811
0.26664,0.00223,0.0023949,0.0027839,0.002575
0.26706,0.002506,0.003756,0.0030778,0.00285
0.26748,0.002009,0.0027211,0.0043713,0.0038371
0.26789,0.002451,0.0015603,0.0018658,0.0026409
0.26831,0.003666,0.0019513,0.0024567,0.0033583
0.26873,0.002907,0.0015163,0.00077027,0.0027
0.26915,0.00119,0.0030888,0.0021795,0.0033114
0.26957,0.003266,0.0033339,0.0025938,0.0025523
0.26999,0.001957,0.0024674,0.0029399,0.0026682
0.2704,0.002783,0.003598,0.0029209,0.0024129
0.27082,0.002264,0.002079,0.0022936,0.0030053
0.27124,0.002698,0.0023751,0.0022223,0.0025492
0.27166,0.002735,0.0024993,0.0032774,0.0018553
0.27208,0.002512,0.0021222,0.0015442,0.0030356
0.27249,0.001301,0.0019004,0.0008986,0.0020523
0.27291,0.003149,0.0012315,0.0014832,0.0024364
0.27333,0.000501,0.001909,0.0023656,0.0016659
0.27375,0.000837,0.001575,0.0016448,0.0022371
0.27417,0.002233,0.0013204,0.0010848,0.0021258
0.27459,0.00244,0.0018443,0.0025027,0.003128
0.275,0.002007,0.0024199,0.0027807,0.0037364
0.27542,0.001929,0.0024778,0.0036259,0.0030348
0.27584,0.001941,0.0029801,0.0023625,0.0019856
0.27626,0.002204,0.0018425,0.0016274,0.0021508
0.27668,0.00255,0.0017951,0.0025106,0.001447
0.27709,0.00195,0.0017614,0.0022936,0.0027606
0.27751,0.001883,0.002016,0.0015394,0.0024538
0.27793,0.001274,0.0014887,0.0023672,0.0024273
0.27835,0.002487,0.0030949,0.001869,0.0030091
0.27877,0.002475,0.0026892,0.0024385,0.0026386
0.27919,0.001649,0.0021153,0.0029439,0.0032235
0.2796,0.002861,0.0026754,0.0021074,0.0014227
0.28002,0.00258,0.0023164,0.0024441,0.0022318
0.28044,0.001322,0.0025554,0.0021399,0.002875
0.28086,0.0019,0.0035091,0.0011909,0.0015758
0.28128,0.002122,0.0021299,0.0028409,0.0034932
0.28169,0.002611,0.0033434,0.0020559,0.0017864
0.28211,0.000887,0.0019651,0.0029217,0.002875
0.28253,0.002383,0.0024053,0.0017589,0.002775
0.28295,0.00158,0.0021886,0.0027981,0.0021689
0.28337,0.001791,0.0028636,0.0007378,0.0027477
0.28378,0.002035,0.0024165,0.0021209,0.001528
0.2842,0.001712,0.0021239,0.0013509,0.0013485
0.28462,0.001682,0.0016078,0.0010055,0.0033288
0.28504,0.002006,0.0028325,0.0030603,0.002425
0.28546,0.002285,0.002363,0.0021898,0.0026879
0.28588,0.001606,0.0015759,0.0025668,0.0025765
0.28629,0.00167,0.0018149,0.0022326,0.0034939
0.28671,0.001406,0.00077836,0.0015545,0.0027538
0.28713,0.00292,0.0023759,0.0023926,0.0024167
0.28755,0.00294,0.0011132,0.0020258,0.0023174
0.28797,0.002416,0.0017347,0.0018579,0.0020045
0.28838,0.001113,0.0024553,0.0025724,0.0021121
0.2888,0.001491,0.0020928,0.0016868,0.0029174
0.28922,0.001428,0.0027419,0.0020424,0.0037008
0.28964,0.002685,0.0025701,0.0016765,0.0024424
0.29006,0.000658,0.0028851,0.0021858,0.0016508
0.29047,0.001563,0.00078182,0.00217,0.0026871
0.29089,0.002197,0.001821,0.0023498,0.0021083
0.29131,0.00208,0.0016458,0.0011053,0.0019864
0.29173,0.00144,0.0015085,0.0020155,0.0029038
0.29215,0.000866,0.00081806,0.0012994,0.0020727
0.29257,0.002631,0.0010925,0.0028259,0.0025008
0.29298,0.000512,0.0012073,0.001648,0.0022417
0.2934,0.002516,0.0021265,0.00076597,0.0018667
0.29382,0.00191,0.0024268,0.00071483,0.0026364
0.29424,0.001763,0.00096255,0.0017177,0.0028955
0.29466,0.002112,0.00099241,0.0020448,0.0010879
0.29507,0.001792,0.00074125,0.00095643,0.0034394
0.29549,0.001346,0.0012755,0.0018896,0.0033765
0.29591,0.000858,0.0014921,0.0013002,0.0013811
0.29633,0.00216,0.0023336,0.0010752,0.0014242
0.29675,0.001632,0.002527,0.0015022,0.0021068
0.29716,0.001532,0.0014196,0.0022737,0.0027311
0.29758,0.001899,0.00073262,0.00257,0.0010477
0.298,0.002154,0.0010856,0.0013715,0.0026818
0.29842,0.001137,0.001846,0.0015767,0.0014636
0.29884,0.002069,0.0012867,0.0013018,0.0014636
0.29925,0.001161,0.00088798,0.00087088,0.0023599
0.29967,0.00209,0.001688,0.00083602,0.0024432
0.30009,0.001743,0.0023966,0.0011933,0.0017167
0.30051,0.001873,0.00086847,0.0015497,0.0021439
0.30093,0.001471,0.0017485,0.00083013,0.0017318
0.30134,0.000502,0.0015456,0.0014784,0.0011818
0.30176,0.002043,0.00071709,0.0011061,0.0020068
0.30218,0.001939,0.002218,0.0020939,0.00075152
0.3026,0.001381,0.0017234,0.0024551,0.0016076
0.30302,0.002113,0.0028851,0.0014198,0.0018977
0.30343,0.001858,0.00087072,0.0022389,0.0029462
0.30385,0.001659,0.00099362,0.002829,0.0023606
0.30427,0.001392,0.00090351,0.0022785,0.0020212
0.30469,0.000895,0.0017485,0.0014293,0.0026674
0.30511,0.001706,0.0018607,0.0017905,0.002347
0.30552,0.001836,0.0022447,0.0010673,0.002203
0.30594,0.000817,0.002029,0.0011885,0.00090152
0.30636,0.002482,0.0014904,0.001004,0.001847
0.30678,0.001019,0.00074212,0.0015751,0.00084242
0.3072,0.000551,0.0014947,0.0014254,0.0016356
0.30761,0.002105,0.002445,0.0017858,0.0012606
0.30803,0.000946,0.0020721,0.0022872,0.0022371
0.30845,0.001317,0.0009553,0.0014476,0.0019682
0.30887,0.002284,0.0017338,0.0015062,0.0013205
0.30929,0.000524,0.0018348,0.00087008,0.0023258
0.3097,0.001944,0.0021438,0.0014943,0.0017826
0.31012,0.000959,0.0016328,0.0024401,0.0024674
0.31054,0.000885,0.0014654,0.0016907,0.0021152
0.31096,0.001831,0.0016268,0.0018183,0.0021705
0.31138,0.001001,0.001739,0.00088196,0.0017621
0.31179,0.001305,0.000758,0.0012677,0.0023773
0.31221,0.002057,0.0016302,0.0014753,0.0019545
0.31263,0.001598,0.0016216,0.0018515,0.0023788
0.31305,0.00109,0.0023785,0.0012899,0.00083788
0.31347,0.001046,0.0024596,0.0019521,0.0026674
0.31388,0.001982,0.00090696,0.0021533,0.0010826
0.3143,0.001459,0.0014602,0.0017715,0.00084925
0.31472,0.001409,0.0011728,0.002429,0.0034689
0.31514,0.001333,0.0019642,0.0010321,0.0013818
0.31556,0.00012,0.0010364,0.0021866,0.0016159
0.31597,0.001635,0.00172,0.0010752,0.0017386
0.31639,0.001805,0.0028541,0.0011949,0.0010773
0.31681,0.001979,0.0016811,0.0019125,0.0021
0.31723,0.002715,0.0016872,0.001884,0.0020167
0.31765,0.000903,0.0017027,0.0017177,0.0020712
0.31806,0.001821,0.0011188,0.00085311,0.0017432
0.31848,0.001912,0.0016354,0.0013667,0.0014614
0.3189,0.001396,0.00097514,0.0014119,0.0017174
0.31932,0.001901,0.0020298,0.0011553,0.0016583
0.31974,0.001905,0.0016604,0.0010325,0.0030402
0.32162,0.001267,0.0013368,0.001145,0.0016083
0.32496,0.001339,0.0014964,0.0011109,0.0019295
0.3283,0.001753,0.0012971,0.0014119,0.0019152
0.33165,0.001442,0.0019332,0.0013541,0.0014864
0.33499,0.001102,0.0015103,0.0010198,0.0013629
0.33833,0.001499,0.0012772,0.0012725,0.0023242
0.34168,0.001634,0.00087676,0.00098811,0.0022394
0.34502,0.001647,0.0015327,0.0012139,0.0015386
0.34836,0.000613,0.001064,0.00082414,0.0016735
0.35191,0.000991,0.0010235,0.00094296,0.0017614
0.35546,0.001203,0.0014507,0.0017454,0.0018856
0.35901,0.001486,0.0013713,0.001358,0.0018902
0.36256,0.000225,0.0010451,0.0010871,0.0020303
0.36611,0.001359,0.0013074,0.0013351,0.0018659
0.36987,0.000635,0.0016699,0.0012757,0.0012061
0.37363,0.001099,0.0019694,0.0016527,0.0026318
0.37739,0.001577,0.001354,0.0019545,0.0026848
0.38115,0.000247,0.0011538,0.0013295,0.0024439
0.38491,0.001725,0.0013532,0.0020931,0.0018583
0.38867,0.000993,0.0018028,0.0010428,0.0022508
0.39263,0.001308,0.0015085,0.0012099,0.0020727
0.3966,0.001245,0.0010321,0.00071052,0.0013902
0.40056,7.90E-05,0.0012439,0.0016725,0.0015644
0.40453,0.000294,0.0013,0.0014111,0.0023106
0.4085,0.002123,0.0010722,0.0021074,0.0015068
0.41267,0.000998,0.00088884,0.0017913,0.0024758
0.41684,0.002566,0.001909,0.00096593,0.0012727
0.42102,0.000898,0.0018929,0.0016297,0.0020485
0.42519,0.00111,0.0017925,0.0019347,0.0016455
0.42936,0.000296,0.0021964,0.0021628,0.0032705
0.43375,0.000874,0.0011771,0.001964,0.0032386
0.43813,0.002614,0.0021671,0.002252,0.0010008
0.44251,0.000768,0.00084258,0.00093628,0.0023583
0.44689,0.002356,0.0024735,0.0054431,0.003
